trial,rule_index,feature,rule_type,split_value,threshold_group,threshold_other,objective,ROC AUC,AP,Accuracy,Balanced Acc,Precision,Recall,Specificity,F1,F2,MCC,threshold
22,0,体重,numeric_gt,58.0,0.36673658953968813,0.2494698969484524,0.8273665876247107,0.6975817167153867,0.3017332101604186,0.5578635014836796,0.6762888652670742,0.24193548387096775,0.8490566037735849,0.5035211267605634,0.37656903765690375,0.5653266331658291,0.25811131121314795,0.26
34,0,体重,numeric_gt,58.0,0.49858476719744294,0.35138393122612854,0.827195058089021,0.6975152803614137,0.30120774425183505,0.5578635014836796,0.6762888652670742,0.24193548387096775,0.8490566037735849,0.5035211267605634,0.37656903765690375,0.5653266331658291,0.25811131121314795,0.17
57,0,体重,numeric_gt,58.0,0.3622112015928809,0.24673360869322786,0.8266520081759885,0.6975152803614139,0.30111119067047454,0.5519287833827893,0.6727677385065107,0.2393617021276596,0.8490566037735849,0.4964788732394366,0.3734439834024897,0.5625,0.25328979360959564,0.26
95,0,体重,numeric_gt,58.0,0.38173493442626305,0.2319037503711098,0.8262771388472082,0.6981132075471699,0.29884602407473754,0.5459940652818991,0.6692466117459475,0.23684210526315788,0.8490566037735849,0.4894366197183099,0.3703703703703703,0.5597014925373135,0.24849154462718992,0.25
43,0,体重,numeric_gt,58.0,0.2716869648548066,0.1655765787663475,0.8261961884757191,0.6977810257773054,0.3013943426814329,0.543026706231454,0.6674860483656657,0.2356020942408377,0.8490566037735849,0.4859154929577465,0.3688524590163934,0.5583126550868488,0.24610057306884298,0.35
64,0,体重,numeric_gt,58.0,0.49337641546559896,0.34896347838952924,0.8261706670220138,0.6974488440074409,0.3016354826474106,0.5459940652818991,0.6692466117459475,0.23684210526315788,0.8490566037735849,0.4894366197183099,0.3703703703703703,0.5597014925373135,0.24849154462718992,0.17
65,0,体重,numeric_gt,58.0,0.2625448943149671,0.18313790557440326,0.8260743850269484,0.6963858623438746,0.3012514690291677,0.5578635014836796,0.6762888652670742,0.24193548387096775,0.8490566037735849,0.5035211267605634,0.37656903765690375,0.5653266331658291,0.25811131121314795,0.35
44,0,体重,numeric_gt,58.0,0.44460119359268274,0.32338221445553217,0.8260286144041842,0.6969837895296307,0.30065167597036857,0.5519287833827893,0.6727677385065107,0.2393617021276596,0.8490566037735849,0.4964788732394366,0.3734439834024897,0.5625,0.25328979360959564,0.19
31,0,体重,numeric_gt,58.0,0.21358500764775729,0.14172384463045826,0.8257319668116043,0.696718044113739,0.3004971650869276,0.5519287833827893,0.6727677385065107,0.2393617021276596,0.8490566037735849,0.4964788732394366,0.3734439834024897,0.5625,0.25328979360959564,0.41
13,0,体重,numeric_gt,58.0,0.3455705725747371,0.20066695788561928,0.8256722709222087,0.6978474621312782,0.2971504115291984,0.5459940652818991,0.6692466117459475,0.23684210526315788,0.8490566037735849,0.4894366197183099,0.3703703703703703,0.5597014925373135,0.24849154462718992,0.28
73,0,体重,numeric_gt,58.0,0.4564371097493621,0.29294506751156835,0.8255263077411303,0.6980467711931969,0.29918497801787397,0.5192878338278932,0.6610749402072814,0.22885572139303484,0.8679245283018868,0.45422535211267606,0.36220472440944884,0.5569007263922519,0.23904936610266816,0.14
24,0,体重,numeric_gt,58.0,0.2854418460957858,0.19949302948662587,0.8254715262796652,0.6963858623438746,0.30085587127655455,0.5519287833827893,0.6727677385065107,0.2393617021276596,0.8490566037735849,0.4964788732394366,0.3734439834024897,0.5625,0.25328979360959564,0.32
8,0,体重,numeric_gt,58.0,0.1954102346441098,0.13075866320171034,0.8254382461174811,0.6964522986978474,0.3003572886957693,0.5519287833827893,0.6727677385065107,0.2393617021276596,0.8490566037735849,0.4964788732394366,0.3734439834024897,0.5625,0.25328979360959564,0.44
80,0,体重,numeric_gt,58.0,0.23041872538095387,0.15564543703687464,0.8254280899166735,0.6964522986978475,0.30030650769173106,0.5519287833827893,0.6727677385065107,0.2393617021276596,0.8490566037735849,0.4964788732394366,0.3734439834024897,0.5625,0.25328979360959564,0.39
58,0,体重,numeric_gt,58.0,0.27792055811853744,0.15572447374350457,0.8252206729741184,0.6979803348392241,0.2979889859526784,0.5192878338278932,0.6610749402072814,0.22885572139303484,0.8679245283018868,0.45422535211267606,0.36220472440944884,0.5569007263922519,0.23904936610266816,0.26
12,0,体重,numeric_gt,58.0,0.29043397985279074,0.21013654258623948,0.82498796835718,0.696120116927983,0.3010686598885741,0.5489614243323442,0.6710071751262291,0.23809523809523808,0.8490566037735849,0.49295774647887325,0.371900826446281,0.5610972568578554,0.2508878753139311,0.3
51,0,体重,numeric_gt,58.0,0.33822228296890755,0.2562583760327176,0.8246617252183797,0.695455753388254,0.30015058972647074,0.5548961424332344,0.6745283018867925,0.24064171122994651,0.8490566037735849,0.5,0.37499999999999994,0.5639097744360902,0.2556975288244511,0.26
16,0,体重,numeric_gt,58.0,0.4740765361235296,0.29746397654581025,0.8245916136447772,0.6976481530693596,0.29650459815529506,0.5192878338278932,0.6610749402072814,0.22885572139303484,0.8679245283018868,0.45422535211267606,0.36220472440944884,0.5569007263922519,0.23904936610266816,0.13
74,0,体重,numeric_gt,58.0,0.17816925280960313,0.1275938974384369,0.8241399907850303,0.695455753388254,0.30015058972647074,0.5489614243323442,0.6710071751262291,0.23809523809523808,0.8490566037735849,0.49295774647887325,0.371900826446281,0.5610972568578554,0.2508878753139311,0.44
62,0,体重,numeric_gt,58.0,0.4594963397661331,0.3650014060287709,0.8239030024485055,0.6952564443263354,0.2999621933534395,0.5489614243323442,0.6710071751262291,0.23809523809523808,0.8490566037735849,0.49295774647887325,0.371900826446281,0.5610972568578554,0.2508878753139311,0.17
11,0,体重,numeric_gt,58.0,0.35838470626385827,0.2746375799224434,0.8236690889609547,0.6950571352644166,0.29978917122527976,0.5489614243323442,0.6710071751262291,0.23809523809523808,0.8490566037735849,0.49295774647887325,0.371900826446281,0.5610972568578554,0.2508878753139311,0.23
36,0,体重,numeric_gt,58.0,0.3320468555747136,0.18428354872607472,0.8223983921250027,0.6965187350518204,0.29243988777729535,0.516320474777448,0.6593143768269998,0.22772277227722773,0.8679245283018868,0.4507042253521127,0.3607843137254902,0.5555555555555556,0.23672247924335202,0.21
45,0,体重,numeric_gt,58.0,0.4453818954488841,0.36250006358027465,0.8223400059870741,0.6937948445389317,0.29945520998330166,0.5489614243323442,0.6710071751262291,0.23809523809523808,0.8490566037735849,0.49295774647887325,0.371900826446281,0.5610972568578554,0.2508878753139311,0.17
6,0,体重,numeric_gt,58.0,0.25973716370189026,0.13591010501268083,0.8219948327310636,0.6958543715120915,0.29002083528422506,0.543026706231454,0.6674860483656657,0.2356020942408377,0.8490566037735849,0.4859154929577465,0.3688524590163934,0.5583126550868488,0.24610057306884298,0.37
85,0,体重,numeric_gt,58.0,0.36953661123727666,0.20494792970375197,0.8212297602641407,0.6953893170342812,0.2898081863962977,0.5400593471810089,0.665725484985384,0.234375,0.8490566037735849,0.4823943661971831,0.3673469387755102,0.556930693069307,0.24371473287338627,0.26
28,0,体重,numeric_gt,58.0,0.4452446759634643,0.3736821878384453,0.8209881328763642,0.693595535477013,0.29875028227496264,0.5192878338278932,0.6610749402072814,0.22885572139303484,0.8679245283018868,0.45422535211267606,0.36220472440944884,0.5569007263922519,0.23904936610266816,0.14
70,0,体重,numeric_gt,58.0,0.30098775090831975,0.1584494201876308,0.820526502053281,0.6950571352644167,0.2891341292225284,0.5192878338278932,0.6610749402072814,0.22885572139303484,0.8679245283018868,0.45422535211267606,0.36220472440944884,0.5569007263922519,0.23904936610266816,0.24
53,0,体重,numeric_gt,58.0,0.38135174972345226,0.32008291326862537,0.8198834146720475,0.6919346266276907,0.295033135539058,0.56973293768546,0.6756577199043317,0.24444444444444444,0.8301886792452831,0.5211267605633803,0.37768240343347637,0.5612244897959183,0.2563942391390683,0.25
83,0,体重,numeric_gt,58.0,0.24901242372992993,0.12337403109084687,0.8191466354967805,0.6941270263087962,0.2868853412181283,0.5192878338278932,0.6610749402072814,0.22885572139303484,0.8679245283018868,0.45422535211267606,0.36220472440944884,0.5569007263922519,0.23904936610266816,0.29
21,0,体重,numeric_gt,58.0,0.49821948043909065,0.4327986537050737,0.8189435190875934,0.6914031357959076,0.29432061557506317,0.5667655786350149,0.6738971565240499,0.2430939226519337,0.8301886792452831,0.5176056338028169,0.376068376068376,0.5597964376590332,0.2539323282153957,0.17
69,0,体重,numeric_gt,58.0,0.3754870719528309,0.20157134544539834,0.8181836165456996,0.6936619718309859,0.2856498259849525,0.516320474777448,0.6593143768269998,0.22772277227722773,0.8679245283018868,0.4507042253521127,0.3607843137254902,0.5555555555555556,0.23672247924335202,0.18
54,0,体重,numeric_gt,58.0,0.14855451824521887,0.1211973878530439,0.8173669237284475,0.6901408450704226,0.29141958860739864,0.56973293768546,0.6756577199043317,0.24444444444444444,0.8301886792452831,0.5211267605633803,0.37768240343347637,0.5612244897959183,0.2563942391390683,0.54
72,0,体重,numeric_gt,58.0,0.32245921109329234,0.15827542692575103,0.8167543787390339,0.6925989901674197,0.28381854526945505,0.516320474777448,0.6593143768269998,0.22772277227722773,0.8679245283018868,0.4507042253521127,0.3607843137254902,0.5555555555555556,0.23672247924335202,0.22
15,0,体重,numeric_gt,58.0,0.4923901418870607,0.2579367322628788,0.8156298365352481,0.691735317565772,0.2825141972587645,0.516320474777448,0.6593143768269998,0.22772277227722773,0.8679245283018868,0.4507042253521127,0.3607843137254902,0.5555555555555556,0.23672247924335202,0.12
59,0,体重,numeric_gt,58.0,0.4035904596792437,0.1905324023733755,0.8155731192571889,0.691668881211799,0.28268820956924745,0.5341246290801187,0.6622043582248206,0.23195876288659795,0.8490566037735849,0.4753521126760563,0.3643724696356275,0.5541871921182266,0.23895753839435532,0.23
60,0,体重,numeric_gt,58.0,0.31875872648760384,0.1395510406864304,0.8153501196398214,0.6914695721498805,0.2824443398610888,0.516320474777448,0.6593143768269998,0.22772277227722773,0.8679245283018868,0.4507042253521127,0.3607843137254902,0.5555555555555556,0.23672247924335202,0.22
81,0,体重,numeric_gt,58.0,0.30220739934122653,0.12012816442512259,0.8136362630142807,0.6897422269465853,0.28125747561668407,0.5192878338278932,0.6610749402072814,0.22885572139303484,0.8679245283018868,0.45422535211267606,0.36220472440944884,0.5569007263922519,0.23904936610266816,0.24
20,0,体重,numeric_gt,58.0,0.17707687231746908,0.1485339619243803,0.8131380204187909,0.6874833909115068,0.287539295452081,0.5252225519287834,0.6645960669678448,0.23115577889447236,0.8679245283018868,0.4612676056338028,0.365079365079365,0.559610705596107,0.24371399714514191,0.38
89,0,体重,numeric_gt,58.0,0.47169770810858863,0.4238351721513431,0.8127643237389945,0.6866861546638321,0.28711860820048846,0.5311572700296736,0.6681171937284082,0.233502538071066,0.8679245283018868,0.46830985915492956,0.368,0.5623471882640587,0.2483945721731777,0.13
52,0,体重,numeric_gt,58.0,0.3193347903422522,0.12538739789805367,0.8126458840284357,0.6890778634068563,0.2808817055192816,0.516320474777448,0.6593143768269998,0.22772277227722773,0.8679245283018868,0.4507042253521127,0.3607843137254902,0.5555555555555556,0.23672247924335202,0.22
19,0,体重,numeric_gt,58.0,0.3964584488383608,0.1647122951996134,0.8125800975777726,0.6890114270528833,0.2808849550358304,0.516320474777448,0.6593143768269998,0.22772277227722773,0.8679245283018868,0.4507042253521127,0.3607843137254902,0.5555555555555556,0.23672247924335202,0.17
35,0,体重,numeric_gt,58.0,0.49509891910193843,0.22773907134013954,0.8125030386299088,0.6889449906989105,0.28083184206637585,0.516320474777448,0.6593143768269998,0.22772277227722773,0.8679245283018868,0.4507042253521127,0.3607843137254902,0.5555555555555556,0.23672247924335202,0.12
7,0,体重,numeric_gt,58.0,0.35670314921695534,0.13410544257508195,0.8118295905702863,0.6878820090353441,0.28034387792171067,0.5400593471810089,0.665725484985384,0.234375,0.8490566037735849,0.4823943661971831,0.3673469387755102,0.556930693069307,0.24371473287338627,0.27
78,0,体重,numeric_gt,58.0,0.408495087107602,0.36944308436762396,0.810963290388494,0.6845601913366994,0.2861869998315317,0.5370919881305638,0.6716383204889715,0.2358974358974359,0.8679245283018868,0.4753521126760563,0.3709677419354839,0.5651105651105651,0.2530928514886366,0.16
86,0,体重,numeric_gt,58.0,0.3561620425129428,0.31945846339016715,0.8104738514796789,0.6845601913366994,0.2861869998315317,0.5667655786350149,0.6738971565240499,0.2430939226519337,0.8301886792452831,0.5176056338028169,0.376068376068376,0.5597964376590332,0.2539323282153957,0.27
33,0,体重,numeric_gt,58.0,0.33002292310573245,0.3162905584557768,0.8093463379077955,0.683032155195323,0.28951377537536477,0.5637982195845698,0.6721365931437683,0.24175824175824176,0.8301886792452831,0.5140845070422535,0.37446808510638296,0.5583756345177665,0.25147728371245875,0.29
18,0,体重,numeric_gt,58.0,0.2645158499832321,0.2515759063091112,0.8090365031635239,0.6830985915492958,0.28763241988414356,0.5637982195845698,0.6721365931437683,0.24175824175824176,0.8301886792452831,0.5140845070422535,0.37446808510638296,0.5583756345177665,0.25147728371245875,0.36
41,0,体重,numeric_gt,58.0,0.1370225409073621,0.13201093623973514,0.8078946118575742,0.6816369917618922,0.2893144680529557,0.5459940652818991,0.6692466117459475,0.23684210526315788,0.8490566037735849,0.4894366197183099,0.3703703703703703,0.5597014925373135,0.24849154462718992,0.46
39,0,体重,numeric_gt,58.0,0.4928063362867001,0.19138455278047264,0.8071658509187581,0.6842280095668349,0.277730809171,0.516320474777448,0.6593143768269998,0.22772277227722773,0.8679245283018868,0.4507042253521127,0.3607843137254902,0.5555555555555556,0.23672247924335202,0.12
26,0,体重,numeric_gt,58.0,0.3020199185161797,0.2963362940669805,0.8066649181938025,0.680507573744353,0.28740542136388136,0.5667655786350149,0.6738971565240499,0.2430939226519337,0.8301886792452831,0.5176056338028169,0.376068376068376,0.5597964376590332,0.2539323282153957,0.32
23,0,体重,numeric_gt,58.0,0.42439875555529016,0.41947771488807434,0.8049606793933142,0.6794445920807867,0.28684220768887764,0.5608308605341247,0.6703760297634866,0.24043715846994534,0.8301886792452831,0.5105633802816901,0.37288135593220334,0.5569620253164558,0.24902886486212816,0.21
93,0,体重,numeric_gt,58.0,0.3910027817098271,0.3904078721033636,0.8042299610258298,0.67791655593941,0.28950988724510063,0.5637982195845698,0.6721365931437683,0.24175824175824176,0.8301886792452831,0.5140845070422535,0.37446808510638296,0.5583756345177665,0.25147728371245875,0.24
46,0,体重,numeric_gt,58.0,0.2627604631500624,0.2629984490490296,0.8030160973735134,0.6770528833377625,0.2891345993681195,0.543026706231454,0.6674860483656657,0.2356020942408377,0.8490566037735849,0.4859154929577465,0.3688524590163934,0.5583126550868488,0.24610057306884298,0.27
32,0,体重,numeric_gt,58.0,0.4489779520155677,0.4537746472941486,0.8020960374599745,0.675458410842413,0.2898068322044416,0.5667655786350149,0.6738971565240499,0.2430939226519337,0.8301886792452831,0.5176056338028169,0.376068376068376,0.5597964376590332,0.2539323282153957,0.2
27,0,体重,numeric_gt,58.0,0.3012424769914439,0.3331068196546332,0.8012415021838661,0.6739968110550093,0.29295285838687346,0.5489614243323442,0.6710071751262291,0.23809523809523808,0.8490566037735849,0.49295774647887325,0.371900826446281,0.5610972568578554,0.2508878753139311,0.24
63,0,体重,numeric_gt,58.0,0.2386047399093785,0.2664568758131811,0.8009352620841461,0.6739968110550093,0.29271862272022986,0.5459940652818991,0.6692466117459475,0.23684210526315788,0.8490566037735849,0.4894366197183099,0.3703703703703703,0.5597014925373135,0.24849154462718992,0.3
29,0,体重,numeric_gt,58.0,0.3215976098250093,0.35654909035953897,0.8006992599780891,0.6738639383470635,0.29220297572967413,0.5459940652818991,0.6692466117459475,0.23684210526315788,0.8490566037735849,0.4894366197183099,0.3703703703703703,0.5597014925373135,0.24849154462718992,0.22
14,0,体重,numeric_gt,58.0,0.30856176755449866,0.3348277405222268,0.8003700403116949,0.6733988838692533,0.29288214978675386,0.5459940652818991,0.6692466117459475,0.23684210526315788,0.8490566037735849,0.4894366197183099,0.3703703703703703,0.5597014925373135,0.24849154462718992,0.23
75,0,体重,numeric_gt,58.0,0.15509085966877512,0.16700482549943244,0.8001577285309762,0.6737975019930906,0.2911196618787924,0.543026706231454,0.6674860483656657,0.2356020942408377,0.8490566037735849,0.4859154929577465,0.3688524590163934,0.5583126550868488,0.24610057306884298,0.42
76,0,体重,numeric_gt,58.0,0.3487030427718586,0.37426913490973057,0.8001453805541897,0.6735317565771991,0.29238664907431744,0.543026706231454,0.6674860483656657,0.2356020942408377,0.8490566037735849,0.4859154929577465,0.3688524590163934,0.5583126550868488,0.24610057306884298,0.2
56,0,体重,numeric_gt,58.0,0.25549857072451754,0.27177451960540755,0.8001366407241629,0.6737975019930906,0.29101422284472594,0.543026706231454,0.6674860483656657,0.2356020942408377,0.8490566037735849,0.4859154929577465,0.3688524590163934,0.5583126550868488,0.24610057306884298,0.28
1,0,体重,numeric_gt,58.0,0.27210895571336535,0.29291390831551867,0.7997426991407109,0.6733988838692533,0.2910376055466529,0.543026706231454,0.6674860483656657,0.2356020942408377,0.8490566037735849,0.4859154929577465,0.3688524590163934,0.5583126550868488,0.24610057306884298,0.26
66,0,体重,numeric_gt,58.0,0.28718452856019744,0.3065051122878656,0.799712891477474,0.6733988838692533,0.2908885672304685,0.543026706231454,0.6674860483656657,0.2356020942408377,0.8490566037735849,0.4859154929577465,0.3688524590163934,0.5583126550868488,0.24610057306884298,0.25
9,0,体重,numeric_gt,58.0,0.35979151969049067,0.3776996369862163,0.7995844748731147,0.6733324475152804,0.2905786659785358,0.543026706231454,0.6674860483656657,0.2356020942408377,0.8490566037735849,0.4859154929577465,0.3688524590163934,0.5583126550868488,0.24610057306884298,0.19
2,0,体重,numeric_gt,58.0,0.24229762187303747,0.27471821034587623,0.7994827870578476,0.6731995748073346,0.29073459044192956,0.543026706231454,0.6674860483656657,0.2356020942408377,0.8490566037735849,0.4859154929577465,0.3688524590163934,0.5583126550868488,0.24610057306884298,0.29
82,0,体重,numeric_gt,58.0,0.34628611945787846,0.3611307162768437,0.7993427550878994,0.6731331384533618,0.2903666123620531,0.543026706231454,0.6674860483656657,0.2356020942408377,0.8490566037735849,0.4859154929577465,0.3688524590163934,0.5583126550868488,0.24610057306884298,0.2
92,0,体重,numeric_gt,58.0,0.4308919082006129,0.48570795164883557,0.7972941659488911,0.6713393568960936,0.2878004128385337,0.5459940652818991,0.6692466117459475,0.23684210526315788,0.8490566037735849,0.4894366197183099,0.3703703703703703,0.5597014925373135,0.24849154462718992,0.15
77,0,体重,numeric_gt,58.0,0.1876994099749566,0.2296764177045087,0.7966994268340871,0.6706749933563646,0.28685157013120166,0.5489614243323442,0.6710071751262291,0.23809523809523808,0.8490566037735849,0.49295774647887325,0.371900826446281,0.5610972568578554,0.2508878753139311,0.37
96,0,体重,numeric_gt,58.0,0.15491505108647735,0.18851245723092047,0.7966434870701684,0.6707414297103376,0.28753665437369996,0.5459940652818991,0.6692466117459475,0.23684210526315788,0.8490566037735849,0.4894366197183099,0.3703703703703703,0.5597014925373135,0.24849154462718992,0.42
87,0,体重,numeric_gt,58.0,0.36812811604374995,0.4461786943923299,0.7961570925839526,0.6702099388785544,0.28646517126958043,0.5489614243323442,0.6710071751262291,0.23809523809523808,0.8490566037735849,0.49295774647887325,0.371900826446281,0.5610972568578554,0.2508878753139311,0.19
71,0,体重,numeric_gt,58.0,0.35048955826802186,0.43096030339724845,0.7960692090847122,0.6701435025245815,0.2863579355432425,0.5489614243323442,0.6710071751262291,0.23809523809523808,0.8490566037735849,0.49295774647887325,0.371900826446281,0.5610972568578554,0.2508878753139311,0.2
67,0,体重,numeric_gt,58.0,0.1873062828115706,0.2483124384028026,0.7958140168730076,0.6698777571086899,0.28641070156417736,0.5489614243323442,0.6710071751262291,0.23809523809523808,0.8490566037735849,0.49295774647887325,0.371900826446281,0.5610972568578554,0.2508878753139311,0.37
90,0,体重,numeric_gt,58.0,0.22510570362356774,0.2973596572409991,0.7950959439861088,0.6692133935689609,0.2861421548283287,0.5489614243323442,0.6710071751262291,0.23809523809523808,0.8490566037735849,0.49295774647887325,0.371900826446281,0.5610972568578554,0.2508878753139311,0.32
61,0,体重,numeric_gt,58.0,0.32440434727439743,0.41553923711436563,0.7947278072539106,0.6692133935689609,0.28430147116733745,0.5489614243323442,0.6710071751262291,0.23809523809523808,0.8490566037735849,0.49295774647887325,0.371900826446281,0.5610972568578554,0.2508878753139311,0.22
3,0,体重,numeric_gt,58.0,0.1477592428252973,0.2096802310547134,0.7941664317302944,0.6688812117990964,0.2831555023985792,0.5489614243323442,0.6710071751262291,0.23809523809523808,0.8490566037735849,0.49295774647887325,0.371900826446281,0.5610972568578554,0.2508878753139311,0.44
42,0,体重,numeric_gt,58.0,0.29671906031492096,0.3950668630757927,0.7930161515924585,0.6684161573212862,0.2810263389304075,0.5459940652818991,0.6692466117459475,0.23684210526315788,0.8490566037735849,0.4894366197183099,0.3703703703703703,0.5597014925373135,0.24849154462718992,0.24
38,0,体重,numeric_gt,58.0,0.2483889194502227,0.3401618745723328,0.7922590968176321,0.6676853574275846,0.2795980996928265,0.5489614243323442,0.6710071751262291,0.23809523809523808,0.8490566037735849,0.49295774647887325,0.371900826446281,0.5610972568578554,0.2508878753139311,0.29
47,0,体重,numeric_gt,58.0,0.24148729872101535,0.33316957679548337,0.7911858028480921,0.6673531756577199,0.27848166514122596,0.543026706231454,0.6674860483656657,0.2356020942408377,0.8490566037735849,0.4859154929577465,0.3688524590163934,0.5583126550868488,0.24610057306884298,0.29
10,0,体重,numeric_gt,58.0,0.2222453133915846,0.31511312792760704,0.7879985387810812,0.6658251395163434,0.2740340156659872,0.5341246290801187,0.6622043582248206,0.23195876288659795,0.8490566037735849,0.4753521126760563,0.3643724696356275,0.5541871921182266,0.23895753839435532,0.31
25,0,体重,numeric_gt,58.0,0.14318680469671075,0.21344901810104278,0.7868087621154445,0.6653600850385331,0.27302392969732986,0.5459940652818991,0.6615732128620782,0.23404255319148937,0.8301886792452831,0.49295774647887325,0.36514522821576767,0.55,0.2368778227489085,0.45
91,0,体重,numeric_gt,58.0,0.27388065611893214,0.3797293665504903,0.7866219894727682,0.665426521392506,0.2730470824188551,0.543026706231454,0.6598126494817964,0.2328042328042328,0.8301886792452831,0.4894366197183099,0.3636363636363636,0.5486284289276808,0.23446417407446046,0.26
4,0,体重,numeric_gt,58.0,0.3715526947003481,0.49619294312153783,0.7837607596652663,0.6628355035875632,0.27037797654606627,0.5637982195845698,0.6644631942598991,0.2388888888888889,0.8113207547169812,0.5176056338028169,0.36909871244635195,0.548469387755102,0.24005443985959288,0.22
37,0,体重,numeric_gt,58.0,0.3161655467047985,0.467043985658953,0.7747364779229988,0.6551288865267074,0.26510769899900144,0.543026706231454,0.6598126494817964,0.2328042328042328,0.8301886792452831,0.4894366197183099,0.3636363636363636,0.5486284289276808,0.23446417407446046,0.22
5,0,体重,numeric_gt,58.0,0.29757272231621557,0.4479619913587512,0.7729758204263897,0.6534679776773851,0.26202582104378236,0.5489614243323442,0.6633337762423599,0.23529411764705882,0.8301886792452831,0.4964788732394366,0.36666666666666664,0.5513784461152883,0.2392966785743864,0.24
79,0,体重,numeric_gt,58.0,0.28379819218395014,0.4443006486570105,0.7688702014838934,0.6500132872707945,0.258771178364254,0.5489614243323442,0.6633337762423599,0.23529411764705882,0.8301886792452831,0.4964788732394366,0.36666666666666664,0.5513784461152883,0.2392966785743864,0.25
17,0,体重,numeric_gt,58.0,0.16663891214455318,0.32903647013334475,0.7427390188487544,0.6294844538931703,0.25036315716616675,0.5578635014836796,0.6455952697315972,0.2303370786516854,0.7735849056603774,0.5176056338028169,0.354978354978355,0.5256410256410257,0.2123566191649609,0.39
55,0,体重,numeric_gt,58.0,0.2557137932725987,0.478436801385063,0.705807931011909,0.6050358756311454,0.24366598054061553,0.17804154302670624,0.5123239436619719,0.1606060606060606,1.0,0.02464788732394366,0.27676240208877284,0.488929889298893,0.06291740685502423,0.11
40,0,体重,numeric_gt,58.0,0.2506599592385578,0.4722252059813934,0.7056588378287337,0.6043050757374435,0.2435087380860388,0.18397626112759644,0.5158450704225352,0.16158536585365854,1.0,0.03169014084507042,0.2782152230971129,0.49074074074074076,0.07155880800016635,0.12
84,0,体重,numeric_gt,58.0,0.2211643664396453,0.44957538127975194,0.6882083641280228,0.5881610417220303,0.24004231566675954,0.17804154302670624,0.5123239436619719,0.1606060606060606,1.0,0.02464788732394366,0.27676240208877284,0.488929889298893,0.06291740685502423,0.12
48,0,体重,numeric_gt,58.0,0.1389632502295101,0.359647009083525,0.6574986730719723,0.5587961732660112,0.2333182026666033,0.17804154302670624,0.5123239436619719,0.1606060606060606,1.0,0.02464788732394366,0.27676240208877284,0.488929889298893,0.06291740685502423,0.17
68,0,体重,numeric_gt,58.0,0.16616360147923395,0.4134009118632333,0.6570138844451534,0.5583311187882007,0.23321953192156059,0.17804154302670624,0.5123239436619719,0.1606060606060606,1.0,0.02464788732394366,0.27676240208877284,0.488929889298893,0.06291740685502423,0.14
50,0,体重,numeric_gt,58.0,0.14692674556591348,0.3853132356386135,0.6553033706133082,0.5566702099388785,0.23297150700894592,0.17804154302670624,0.5123239436619719,0.1606060606060606,1.0,0.02464788732394366,0.27676240208877284,0.488929889298893,0.06291740685502423,0.16
30,0,体重,numeric_gt,58.0,0.161979537315103,0.42165768363462514,0.654819989953987,0.5562051554610682,0.23287987610139235,0.17804154302670624,0.5123239436619719,0.1606060606060606,1.0,0.02464788732394366,0.27676240208877284,0.488929889298893,0.06291740685502423,0.14
49,0,体重,numeric_gt,58.0,0.1466162465408564,0.4040158118920818,0.6529415876737141,0.554477810257773,0.2321245907165036,0.17804154302670624,0.5123239436619719,0.1606060606060606,1.0,0.02464788732394366,0.27676240208877284,0.488929889298893,0.06291740685502423,0.15
94,0,体重,numeric_gt,58.0,0.15526300499825707,0.4219636082609001,0.6523776449375307,0.5539463194259899,0.23196233119450105,0.17804154302670624,0.5123239436619719,0.1606060606060606,1.0,0.02464788732394366,0.27676240208877284,0.488929889298893,0.06291740685502423,0.14
88,0,体重,numeric_gt,58.0,0.129419642036023,0.4619100083451056,0.6333726617992255,0.5359420674993356,0.22695867513624662,0.17804154302670624,0.5123239436619719,0.1606060606060606,1.0,0.02464788732394366,0.27676240208877284,0.488929889298893,0.06291740685502423,0.12
