dataset,y_true,xgb_mean_prob,lr_mean_prob,cat_mean_prob,bias,ensemble_prob,selected_threshold,y_pred_threshold_opt
tuning,0,0.23698480427265167,0.303617624326272,0.0,0.06663282005362031,0.27030121429946186,0.16,1
tuning,0,0.14347858726978302,0.13564104528422938,0.0,-0.007837541985553642,0.1395598162770062,0.16,0
tuning,0,0.1392768919467926,0.05703865806415881,0.0,-0.0822382338826338,0.0981577750054757,0.16,0
tuning,0,0.1392768919467926,0.07595112014043542,0.0,-0.06332577180635718,0.10761400604361401,0.16,0
tuning,0,0.1392768919467926,0.048136679912190374,0.0,-0.09114021203460224,0.09370678592949148,0.16,0
tuning,0,0.14347858726978302,0.07461840368283712,0.0,-0.0688601835869459,0.10904849547631007,0.16,0
tuning,0,0.23281635344028473,0.2317791546116687,0.0,-0.001037198828616026,0.23229775402597672,0.16,1
tuning,0,0.1392768919467926,0.04753128473314582,0.0,-0.09174560721364677,0.09340408833996922,0.16,0
tuning,1,0.23698480427265167,0.7095082669725883,0.0,0.4725234626999366,0.47324653562262,0.16,1
tuning,0,0.1392768919467926,0.044631218529618,0.0,-0.0946456734171746,0.0919540552382053,0.16,0
tuning,0,0.14347858726978302,0.06449046125260058,0.0,-0.07898812601718244,0.1039845242611918,0.16,0
tuning,1,0.1392768919467926,0.04742345258824073,0.0,-0.09185343935855186,0.09335017226751667,0.16,0
tuning,1,0.24655646085739136,0.26619808167009995,0.0,0.019641620812708593,0.25637727126374565,0.16,1
tuning,0,0.24655646085739136,0.25358031122158786,0.0,0.0070238503641965044,0.2500683860394896,0.16,1
tuning,0,0.14101730287075043,0.04994020961036181,0.0,-0.09107709326038863,0.09547875624055611,0.16,0
tuning,0,0.24999701976776123,0.27171056437522617,0.0,0.02171354460746494,0.26085379207149373,0.16,1
tuning,0,0.25876328349113464,0.2829737225555162,0.0,0.024210439064381584,0.27086850302332544,0.16,1
tuning,1,0.25271478295326233,0.2640314408620742,0.0,0.011316657908811867,0.25837311190766826,0.16,1
tuning,0,0.1392768919467926,0.07097688844491842,0.0,-0.06830000350187418,0.10512689019585551,0.16,0
tuning,0,0.2364388406276703,0.2905077200636859,0.0,0.05406887943601563,0.2634732803456781,0.16,1
tuning,0,0.1392768919467926,0.13024793967444853,0.0,-0.00902895227234407,0.13476241581062057,0.16,0
tuning,0,0.2571200728416443,0.34600403495114673,0.0,0.08888396210950245,0.3015620538963955,0.16,1
tuning,1,0.22699563205242157,0.606972054418557,0.0,0.3799764223661354,0.41698384323548926,0.16,1
tuning,1,0.2429811656475067,0.7003297412749298,0.0,0.45734857562742304,0.47165545346121823,0.16,1
tuning,0,0.14101730287075043,0.035785403452395066,0.0,-0.10523189941835537,0.08840135316157274,0.16,0
tuning,0,0.1392768919467926,0.06769802266178554,0.0,-0.07157886928500706,0.10348745730428907,0.16,0
tuning,0,0.1392768919467926,0.052277373456453766,0.0,-0.08699951849033884,0.09577713270162319,0.16,0
tuning,0,0.1392768919467926,0.04868011797111031,0.0,-0.09059677397568229,0.09397850495895146,0.16,0
tuning,0,0.1392768919467926,0.06938863165874647,0.0,-0.06988826028804614,0.10433276180276954,0.16,0
tuning,0,0.25328582525253296,0.2838631142519089,0.0,0.03057728899937595,0.26857446975222093,0.16,1
tuning,0,0.2333565056324005,0.2217309112710944,0.0,-0.011625594361306113,0.22754370845174746,0.16,1
tuning,0,0.14347858726978302,0.07384415130676002,0.0,-0.069634435963023,0.10866136928827153,0.16,0
tuning,0,0.1392768919467926,0.07809365672867492,0.0,-0.06118323521811768,0.10868527433773376,0.16,0
tuning,0,0.25250735878944397,0.3227632280609083,0.0,0.07025586927146432,0.28763529342517613,0.16,1
tuning,0,0.14347858726978302,0.07315132024629592,0.0,-0.0703272670234871,0.10831495375803947,0.16,0
tuning,0,0.25955432653427124,0.27104287955612605,0.0,0.011488553021854808,0.26529860304519864,0.16,1
tuning,0,0.2634499967098236,0.358736625508628,0.0,0.0952866287988044,0.3110933111092258,0.16,1
tuning,1,0.2364388406276703,0.2864458559477868,0.0,0.05000701532011653,0.26144234828772855,0.16,1
tuning,0,0.1392768919467926,0.05645752712329573,0.0,-0.08281936482349687,0.09786720953504416,0.16,0
tuning,1,0.24871884286403656,0.260544937040695,0.0,0.01182609417665842,0.25463188995236574,0.16,1
tuning,1,0.24655646085739136,0.2475114226105295,0.0,0.0009549617531381394,0.24703394173396043,0.16,1
tuning,0,0.23281635344028473,0.2292913177381008,0.0,-0.003525035702183932,0.23105383558919276,0.16,1
tuning,0,0.14347858726978302,0.06695235620723018,0.0,-0.07652623106255284,0.1052154717385066,0.16,0
tuning,1,0.2571200728416443,0.35320496730829193,0.0,0.09608489446664764,0.30516252007496814,0.16,1
tuning,1,0.2634499967098236,0.16698318290842795,0.0,-0.09646681380139566,0.21521658980912578,0.16,1
tuning,0,0.24655646085739136,0.2610136417757721,0.0,0.014457180918380719,0.2537850513165817,0.16,1
tuning,0,0.23971658945083618,0.4655219556223608,0.0,0.22580536617152464,0.3526192725365985,0.16,1
tuning,0,0.2394315004348755,0.23117834375431803,0.0,-0.008253156680557455,0.23530492209459675,0.16,1
tuning,1,0.1392768919467926,0.2119691737603279,0.0,0.07269228181353529,0.17562303285356023,0.16,1
tuning,0,0.25876328349113464,0.323346062520746,0.0,0.06458277902961135,0.29105467300594035,0.16,1
tuning,0,0.1392768919467926,0.0699498897037797,0.0,-0.0693270022430129,0.10461339082528615,0.16,0
tuning,1,0.25250735878944397,0.7067541920709798,0.0,0.4542468332815358,0.4796307754302119,0.16,1
tuning,0,0.1392768919467926,0.05602846391599473,0.0,-0.08324842803079788,0.09765267793139366,0.16,0
tuning,0,0.23698480427265167,0.3184056843820496,0.0,0.08142088010939791,0.2776952443273506,0.16,1
tuning,1,0.25032296776771545,0.29950796216680237,0.0,0.04918499439908691,0.27491546496725894,0.16,1
tuning,0,0.25032296776771545,0.08157696451269947,0.0,-0.16874600325501599,0.16594996614020746,0.16,1
tuning,0,0.14347858726978302,0.059892886630124,0.0,-0.08358570063965902,0.1016857369499535,0.16,0
tuning,1,0.23698480427265167,0.09387957210298223,0.0,-0.14310523216966944,0.16543218818781696,0.16,1
tuning,0,0.22699563205242157,0.19035791493235937,0.0,-0.036637717120062196,0.20867677349239047,0.16,1
tuning,0,0.1392768919467926,0.06771883927515751,0.0,-0.07155805267163509,0.10349786561097506,0.16,0
tuning,0,0.2571200728416443,0.3377875793195315,0.0,0.08066750647788723,0.2974538260805879,0.16,1
tuning,0,0.1392768919467926,0.06946728280785969,0.0,-0.06980960913893292,0.10437208737732614,0.16,0
tuning,0,0.14347858726978302,0.061680585207704385,0.0,-0.08179800206207863,0.1025795862387437,0.16,0
tuning,0,0.2634499967098236,0.330595976085898,0.0,0.06714597937607442,0.29702298639786084,0.16,1
tuning,1,0.23698480427265167,0.3196598238199169,0.0,0.08267501954726525,0.27832231404628427,0.16,1
tuning,0,0.25250735878944397,0.7044903347127921,0.0,0.45198297592334813,0.47849884675111803,0.16,1
tuning,1,0.2549129128456116,0.6371399699079067,0.0,0.3822270570622951,0.4460264413767591,0.16,1
tuning,0,0.2549129128456116,0.2243813518099952,0.0,-0.030531561035616384,0.23964713232780338,0.16,1
tuning,0,0.1392768919467926,0.048818689893651616,0.0,-0.09045820205314098,0.09404779092022211,0.16,0
tuning,0,0.24655646085739136,0.2676515180100124,0.0,0.021095057152621055,0.2571039894337019,0.16,1
tuning,0,0.23698480427265167,0.3117707281138926,0.0,0.07478592384124094,0.27437776619327214,0.16,1
tuning,0,0.25271478295326233,0.21857332536711216,0.0,-0.03414145758615017,0.23564405416018724,0.16,1
tuning,1,0.25876328349113464,0.3224310354926559,0.0,0.06366775200152125,0.29059715949189524,0.16,1
tuning,0,0.1392768919467926,0.06750297161780956,0.0,-0.07177392032898304,0.10338993178230108,0.16,0
tuning,0,0.1392768919467926,0.07171498774451102,0.0,-0.06756190420228159,0.10549593984565181,0.16,0
tuning,1,0.14347858726978302,0.07308629191256705,0.0,-0.07039229535721597,0.10828243959117503,0.16,0
tuning,0,0.2429811656475067,0.306437840336063,0.0,0.06345667468855631,0.27470950299178487,0.16,1
tuning,0,0.25654336810112,0.2890360497273646,0.0,0.03249268162624458,0.27278970891424226,0.16,1
tuning,0,0.25032296776771545,0.48568732947905896,0.0,0.2353643617113435,0.3680051486233872,0.16,1
tuning,0,0.2486865520477295,0.2572024197635326,0.0,0.008515867715803094,0.252944485905631,0.16,1
tuning,0,0.25654336810112,0.317052963589009,0.0,0.06050959548788898,0.28679816584506446,0.16,1
tuning,0,0.1392768919467926,0.06526059477132354,0.0,-0.07401629717546906,0.10226874335905807,0.16,0
tuning,0,0.1392768919467926,0.06862610523235545,0.0,-0.07065078671443716,0.10395149858957403,0.16,0
tuning,0,0.14347858726978302,0.060858464399417875,0.0,-0.08262012287036515,0.10216852583460045,0.16,0
tuning,0,0.25032296776771545,0.2742532918962149,0.0,0.023930324128499436,0.26228812983196514,0.16,1
tuning,1,0.1392768919467926,0.058472734373934486,0.0,-0.08080415757285811,0.09887481316036355,0.16,0
tuning,0,0.1392768919467926,0.05537796793395737,0.0,-0.08389892401283523,0.097327429940375,0.16,0
tuning,0,0.14101730287075043,0.052858011867314265,0.0,-0.08815929100343617,0.09693765736903234,0.16,0
tuning,0,0.25250735878944397,0.323346062520746,0.0,0.07083870373130202,0.287926710655095,0.16,1
tuning,0,0.2549129128456116,0.22997884900561213,0.0,-0.024934063839999437,0.24244588092561187,0.16,1
tuning,0,0.1392768919467926,0.06541032769310638,0.0,-0.07386656425368622,0.1023436098199495,0.16,0
tuning,1,0.14101730287075043,0.05179354001387196,0.0,-0.08922376285687847,0.09640542144231119,0.16,0
tuning,0,0.24259452521800995,0.2579288413422306,0.0,0.015334316124220648,0.2502616832801203,0.16,1
tuning,0,0.1392768919467926,0.05878258990441695,0.0,-0.08049430204237565,0.09902974092560478,0.16,0
tuning,0,0.2634499967098236,0.33983276805365653,0.0,0.07638277134383292,0.3016413823817401,0.16,1
tuning,0,0.2571200728416443,0.32886667649420664,0.0,0.07174660365256236,0.29299337466792547,0.16,1
tuning,0,0.14101730287075043,0.012515800448060608,0.0,-0.12850150242268982,0.07676655165940552,0.16,0
tuning,0,0.23928982019424438,0.2521329803998763,0.0,0.01284316020563192,0.24571140029706035,0.16,1
tuning,0,0.1392768919467926,0.04370948954537461,0.0,-0.09556740240141799,0.09149319074608361,0.16,0
tuning,0,0.2420714646577835,0.24025198624760552,0.0,-0.0018194784101779882,0.24116172545269451,0.16,1
tuning,1,0.25250735878944397,0.31969373659627115,0.0,0.06718637780682718,0.28610054769285753,0.16,1
tuning,0,0.22699563205242157,0.5665685114184739,0.0,0.3395728793660523,0.3967820717354477,0.16,1
tuning,0,0.25032296776771545,0.3304595279325018,0.0,0.08013656016478632,0.2903912478501086,0.16,1
tuning,0,0.24579183757305145,0.270170434288339,0.0,0.024378596715287526,0.2579811359306952,0.16,1
tuning,0,0.1392768919467926,0.1791892273642076,0.0,0.039912335417414985,0.1592330596555001,0.16,0
tuning,0,0.14347858726978302,0.06928210197516597,0.0,-0.07419648529461705,0.1063803446224745,0.16,0
tuning,0,0.14101730287075043,0.048102213517509346,0.0,-0.09291508935324108,0.09455975819412989,0.16,0
tuning,0,0.1392768919467926,0.04604015379716226,0.0,-0.09323673814963035,0.09265852287197743,0.16,0
tuning,1,0.25654336810112,0.737322383202831,0.0,0.48077901510171106,0.4969328756519755,0.16,1
tuning,0,0.25029054284095764,0.307332420746295,0.0,0.05704187790533738,0.27881148179362636,0.16,1
tuning,1,0.25328582525253296,0.23795632820282872,0.0,-0.015329497049704238,0.24562107672768085,0.16,1
tuning,0,0.14101730287075043,0.046328564244738725,0.0,-0.09468873862601171,0.09367293355774457,0.16,0
tuning,0,0.14101730287075043,0.04133991354752571,0.0,-0.09967738932322472,0.09117860820913806,0.16,0
tuning,0,0.1392768919467926,0.07602389599639708,0.0,-0.06325299595039552,0.10765039397159484,0.16,0
tuning,0,0.1392768919467926,0.1267699534548775,0.0,-0.012506938491915115,0.13302342270083506,0.16,0
tuning,0,0.1392768919467926,0.0719114712194922,0.0,-0.0673654207273004,0.1055941815831424,0.16,0
tuning,0,0.2429811656475067,0.31160449763955145,0.0,0.06862333199204473,0.2772928316435291,0.16,1
tuning,0,0.25876328349113464,0.3266675153487227,0.0,0.06790423185758804,0.29271539941992863,0.16,1
tuning,1,0.24579183757305145,0.09204087245728677,0.0,-0.1537509651157647,0.1689163550151691,0.16,1
tuning,0,0.25247472524642944,0.3124553449880597,0.0,0.05998061974163027,0.2824650351172446,0.16,1
tuning,0,0.1392768919467926,0.4024315199670105,0.0,0.2631546280202179,0.2708542059569016,0.16,1
tuning,0,0.1392768919467926,0.07077627642369277,0.0,-0.06850061552309983,0.10502658418524269,0.16,0
tuning,0,0.14101730287075043,0.05025912491555153,0.0,-0.09075817795519889,0.09563821389315098,0.16,0
tuning,1,0.14347858726978302,0.06456581864783152,0.0,-0.0789127686219515,0.10402220295880726,0.16,0
tuning,0,0.14347858726978302,0.1137607185633816,0.0,-0.029717868706401418,0.1286196529165823,0.16,0
tuning,1,0.23055477440357208,0.2564107311327212,0.0,0.025855956729149143,0.24348275276814665,0.16,1
tuning,0,0.14347858726978302,0.06798117412767707,0.0,-0.07549741314210595,0.10572988069873004,0.16,0
tuning,0,0.14347858726978302,0.08697133076997243,0.0,-0.05650725649981059,0.11522495901987773,0.16,0
tuning,0,0.25271478295326233,0.2542034453166789,0.0,0.0014886623634165486,0.2534591141349706,0.16,1
tuning,0,0.1392768919467926,0.3725185268131485,0.0,0.2332416348663559,0.2558977093799706,0.16,1
tuning,0,0.14347858726978302,0.07052247532357395,0.0,-0.07295611194620907,0.10700053129667848,0.16,0
tuning,0,0.1392768919467926,0.0704935190029028,0.0,-0.06878337294388981,0.1048852054748477,0.16,0
tuning,1,0.2364388406276703,0.2478790261447585,0.0,0.011440185517088225,0.24215893338621441,0.16,1
tuning,0,0.1392768919467926,0.06740843638687521,0.0,-0.07186845555991739,0.10334266416683391,0.16,0
tuning,0,0.1392768919467926,0.06877776981278336,0.0,-0.07049912213400925,0.10402733087978798,0.16,0
tuning,1,0.25271478295326233,0.2580747287770034,0.0,0.0053599458237410524,0.2553947558651328,0.16,1
tuning,0,0.14347858726978302,0.06898734510114649,0.0,-0.07449124216863653,0.10623296618546475,0.16,0
tuning,0,0.25250735878944397,0.32239696766239195,0.0,0.06988960887294798,0.28745216322591793,0.16,1
tuning,0,0.1392768919467926,0.06579908994051809,0.0,-0.07347780200627452,0.10253799094365534,0.16,0
tuning,0,0.1392768919467926,0.07809365672867492,0.0,-0.06118323521811768,0.10868527433773376,0.16,0
tuning,0,0.1392768919467926,0.04872682227559949,0.0,-0.09055006967119311,0.09400185711119605,0.16,0
tuning,0,0.2634499967098236,0.33168853499043505,0.0,0.06823853828061144,0.2975692658501293,0.16,1
tuning,0,0.25032296776771545,0.3105670121680584,0.0,0.06024404440034292,0.2804449899678869,0.16,1
tuning,0,0.1392768919467926,0.06526059477132354,0.0,-0.07401629717546906,0.10226874335905807,0.16,0
tuning,0,0.25271478295326233,0.24729250662453633,0.0,-0.0054222763287259945,0.25000364478889936,0.16,1
tuning,0,0.1392768919467926,0.07077627642369277,0.0,-0.06850061552309983,0.10502658418524269,0.16,0
tuning,0,0.1392768919467926,0.054146307179501516,0.0,-0.08513058476729109,0.09671159956314707,0.16,0
tuning,0,0.14347858726978302,0.0683892891215481,0.0,-0.07508929814823492,0.10593393819566556,0.16,0
tuning,0,0.25250735878944397,0.7093659834111744,0.0,0.45685862462173044,0.4809366711003092,0.16,1
tuning,0,0.1392768919467926,0.03715340536219759,0.0,-0.10212348658459501,0.08821514865449509,0.16,0
tuning,0,0.25271478295326233,0.2576401778562631,0.0,0.004925394903000757,0.25517748040476274,0.16,1
tuning,0,0.1392768919467926,0.04953072372088561,0.0,-0.089746168225907,0.0944038078338391,0.16,0
tuning,1,0.2571200728416443,0.3365331068548781,0.0,0.0794130340132338,0.29682658984826116,0.16,1
tuning,1,0.23928982019424438,0.2531639923490379,0.0,0.01387417215479353,0.24622690627164115,0.16,1
tuning,1,0.1392768919467926,0.0964170213227957,0.0,-0.042859870623996904,0.11784695663479415,0.16,0
tuning,1,0.2634499967098236,0.3325691459663662,0.0,0.06911914925654261,0.2980095713380949,0.16,1
tuning,0,0.1392768919467926,0.057380179054509234,0.0,-0.08189671289228337,0.09832853550065092,0.16,0
tuning,0,0.1392768919467926,0.06521752330307237,0.0,-0.07405936864372023,0.10224720762493249,0.16,0
tuning,1,0.2571200728416443,0.3365331068548781,0.0,0.0794130340132338,0.29682658984826116,0.16,1
tuning,1,0.2634499967098236,0.6862537268172897,0.0,0.4228037301074661,0.47485186176355665,0.16,1
tuning,1,0.1392768919467926,0.06360977982499752,0.0,-0.07566711212179508,0.10144333588589506,0.16,0
tuning,0,0.2474774867296219,0.3356048381238343,0.0,0.0881273513942124,0.2915411624267281,0.16,1
tuning,0,0.1392768919467926,0.014576994345831677,0.0,-0.12469989760096092,0.07692694314631214,0.16,0
tuning,0,0.1392768919467926,0.05440292663887747,0.0,-0.08487396530791513,0.09683990929283504,0.16,0
tuning,0,0.1392768919467926,0.07595112014043542,0.0,-0.06332577180635718,0.10761400604361401,0.16,0
tuning,0,0.24871884286403656,0.2614828962472369,0.0,0.012764053383200358,0.2551008695556367,0.16,1
tuning,0,0.25955432653427124,0.23928564902298324,0.0,-0.020268677511287997,0.24941998777862723,0.16,1
tuning,0,0.1392768919467926,0.29764639024923234,0.0,0.15836949830243974,0.21846164109801247,0.16,1
tuning,0,0.23698480427265167,0.3157020024028093,0.0,0.07871719813015765,0.2763434033377305,0.16,1
tuning,0,0.2634499967098236,0.3365331068548781,0.0,0.07308311014505448,0.2999915517823508,0.16,1
tuning,0,0.2429811656475067,0.31309948714987534,0.0,0.07011832150236863,0.27804032639869103,0.16,1
tuning,0,0.2634499967098236,0.743590375708708,0.0,0.4801403789988844,0.5035201862092658,0.16,1
tuning,0,0.24655646085739136,0.11969307985229248,0.0,-0.12686338100509886,0.18312477035484193,0.16,1
tuning,0,0.14347858726978302,0.0736787033198169,0.0,-0.06979988394996613,0.10857864529479996,0.16,0
tuning,0,0.14347858726978302,0.06506343601552737,0.0,-0.07841515125425565,0.1042710116426552,0.16,0
tuning,0,0.2364388406276703,0.30562381252869925,0.0,0.06918497190102896,0.27103132657818474,0.16,1
tuning,0,0.14347858726978302,0.018511903182324208,0.0,-0.12496668408745881,0.08099524522605361,0.16,0
tuning,0,0.23281635344028473,0.20460945035847514,0.0,-0.028206903081809592,0.21871290189937992,0.16,1
tuning,0,0.1392768919467926,0.07451632854151183,0.0,-0.06476056340528077,0.10689661024415222,0.16,0
tuning,0,0.1392768919467926,0.06715421745537813,0.0,-0.07212267449141448,0.10321555470108537,0.16,0
tuning,0,0.1392768919467926,0.06687298809774007,0.0,-0.07240390384905253,0.10307494002226633,0.16,0
tuning,0,0.1392768919467926,0.07057810110037213,0.0,-0.06869879084642047,0.10492749652358237,0.16,0
tuning,1,0.22699563205242157,0.2285439000274433,0.0,0.001548267975021722,0.22776976603993243,0.16,1
tuning,0,0.2634499967098236,0.34188394671202554,0.0,0.07843395000220194,0.3026669717109246,0.16,1
tuning,0,0.1392768919467926,0.05676979427154194,0.0,-0.08250709767525066,0.09802334310916727,0.16,0
tuning,0,0.2420714646577835,0.2442100721294746,0.0,0.0021386074716910897,0.24314076839362905,0.16,1
tuning,0,0.14347858726978302,0.07110475113372103,0.0,-0.07237383613606199,0.10729166920175202,0.16,0
tuning,0,0.2519374489784241,0.305680779868702,0.0,0.05374333089027794,0.27880911442356304,0.16,1
tuning,0,0.14101730287075043,0.044571606060936,0.0,-0.09644569680981444,0.09279445446584321,0.16,0
tuning,0,0.2571200728416443,0.11496458180158942,0.0,-0.14215549104005487,0.18604232732161685,0.16,1
tuning,0,0.23698480427265167,0.30878783011965366,0.0,0.07180302584700199,0.27288631719615264,0.16,1
tuning,0,0.2429811656475067,0.6863420996011955,0.0,0.4433609339536888,0.4646616326243511,0.16,1
tuning,1,0.1392768919467926,0.021375213732190482,0.0,-0.11790167821460212,0.08032605283949154,0.16,0
tuning,0,0.14347858726978302,0.05040711044134188,0.0,-0.09307147682844114,0.09694284885556245,0.16,0
tuning,0,0.25654336810112,0.27508234585563335,0.0,0.018538977754513353,0.26581285697837664,0.16,1
tuning,0,0.2634499967098236,0.33574843916737607,0.0,0.07229844245755246,0.29959921793859984,0.16,1
tuning,1,0.22699563205242157,0.2143907350973549,0.0,-0.012604896955066669,0.22069318357488824,0.16,1
tuning,0,0.2634499967098236,0.3553060569540457,0.0,0.0918560602442221,0.30937802683193466,0.16,1
tuning,0,0.2549129128456116,0.26233803215246637,0.0,0.007425119306854799,0.258625472499039,0.16,1
tuning,0,0.242039754986763,0.23931420776316933,0.0,-0.002725547223593666,0.24067698137496618,0.16,1
tuning,0,0.2481546550989151,0.2442100721294746,0.0,-0.003944582969440502,0.24618236361419485,0.16,1
tuning,0,0.1392768919467926,0.04669830096213545,0.0,-0.09257859098465715,0.09298759645446403,0.16,0
tuning,1,0.2474774867296219,0.3317353081955547,0.0,0.0842578214659328,0.2896063974625883,0.16,1
tuning,0,0.2634499967098236,0.3320612816203826,0.0,0.06861128491055901,0.2977556391651031,0.16,1
tuning,0,0.1392768919467926,0.07295822871440188,0.0,-0.06631866323239072,0.10611756033059724,0.16,0
tuning,0,0.23698480427265167,0.3269570187754759,0.0,0.08997221450282422,0.2819709115240638,0.16,1
tuning,1,0.25271478295326233,0.2580747287770034,0.0,0.0053599458237410524,0.2553947558651328,0.16,1
tuning,0,0.1392768919467926,0.07904217347504668,0.0,-0.06023471847174593,0.10915953271091963,0.16,0
tuning,1,0.1392768919467926,0.06132640448950878,0.0,-0.07795048745728382,0.10030164821815069,0.16,0
tuning,0,0.25271478295326233,0.2475114226105295,0.0,-0.005203360342732832,0.2501131027818959,0.16,1
tuning,0,0.25876328349113464,0.32601204848678383,0.0,0.06724876499564919,0.29238766598895927,0.16,1
tuning,0,0.1392768919467926,0.07092441689824559,0.0,-0.06835247504854701,0.10510065442251909,0.16,0
tuning,0,0.2634499967098236,0.3365331068548781,0.0,0.07308311014505448,0.2999915517823508,0.16,1
tuning,0,0.1392768919467926,0.0786418169000894,0.0,-0.06063507504670321,0.108959354423441,0.16,0
tuning,0,0.1392768919467926,0.016063560511724178,0.0,-0.12321333143506842,0.07767022622925839,0.16,0
tuning,0,0.1392768919467926,0.126065069655105,0.0,-0.013211822291687603,0.1326709808009488,0.16,0
tuning,0,0.1392768919467926,0.07600092875281629,0.0,-0.06327596319397631,0.10763891034980444,0.16,0
tuning,0,0.2454698532819748,0.23117834375431803,0.0,-0.01429150952765676,0.2383240985181464,0.16,1
tuning,0,0.2420714646577835,0.23877987687746607,0.0,-0.0032915877803174343,0.24042567076762478,0.16,1
tuning,0,0.1392768919467926,0.07341582925792614,0.0,-0.06586106268886646,0.10634636060235937,0.16,0
tuning,0,0.1392768919467926,0.0477569406411444,0.0,-0.0915199513056482,0.0935169162939685,0.16,0
tuning,0,0.1392768919467926,0.051609875145954186,0.0,-0.08766701680083841,0.0954433835463734,0.16,0
tuning,1,0.2454698532819748,0.25429038876662563,0.0,0.008820535484650838,0.2498801210243002,0.16,1
tuning,0,0.14347858726978302,0.07422791880381496,0.0,-0.06925066846596806,0.10885325303679899,0.16,0
tuning,0,0.14347858726978302,0.06027713457836456,0.0,-0.08320145269141846,0.10187786092407379,0.16,0
tuning,0,0.1392768919467926,0.0465597955030216,0.0,-0.092717096443771,0.0929183437249071,0.16,0
tuning,0,0.2571200728416443,0.330595976085898,0.0,0.07347590324425374,0.2938580244637712,0.16,1
tuning,0,0.14347858726978302,0.06946374892072156,0.0,-0.07401483834906146,0.10647116809525228,0.16,0
tuning,0,0.2420714646577835,0.24025198624760552,0.0,-0.0018194784101779882,0.24116172545269451,0.16,1
tuning,0,0.14101730287075043,0.05459612683025839,0.0,-0.08642117604049204,0.0978067148505044,0.16,0
tuning,0,0.14101730287075043,0.04461724849975411,0.0,-0.09640005437099632,0.09281727568525228,0.16,0
tuning,0,0.1392768919467926,0.0429793566279975,0.0,-0.0962975353187951,0.09112812428739506,0.16,0
tuning,0,0.1392768919467926,0.06302472467456516,0.0,-0.07625216727222744,0.10115080831067888,0.16,0
tuning,0,0.2634499967098236,0.3425317724674736,0.0,0.07908177575765002,0.30299088458864865,0.16,1
tuning,0,0.1392768919467926,0.05047592870020461,0.0,-0.08880096324658798,0.09487641032349861,0.16,0
tuning,0,0.2364388406276703,0.159732862136685,0.0,-0.07670597849098529,0.19808585138217766,0.16,1
tuning,0,0.23281635344028473,0.23448604283201296,0.0,0.0016696893917282352,0.23365119813614885,0.16,1
tuning,0,0.1392768919467926,0.06831273483728299,0.0,-0.07096415710950961,0.1037948133920378,0.16,0
tuning,0,0.1392768919467926,0.07535591689618103,0.0,-0.06392097505061158,0.10731640442148682,0.16,0
tuning,0,0.14347858726978302,0.07803246703794317,0.0,-0.06544612023183985,0.1107555271538631,0.16,0
tuning,0,0.1392768919467926,0.06859263627385573,0.0,-0.07068425567293687,0.10393476411032417,0.16,0
tuning,0,0.2634499967098236,0.29799212185721197,0.0,0.03454212514738836,0.28072105928351776,0.16,1
tuning,0,0.23698480427265167,0.6915723007732285,0.0,0.45458749650057684,0.4642785525229401,0.16,1
tuning,0,0.25247472524642944,0.6978441115500477,0.0,0.4453693863036182,0.47515941839823855,0.16,1
tuning,0,0.1392768919467926,0.07341582925792614,0.0,-0.06586106268886646,0.10634636060235937,0.16,0
tuning,0,0.2549129128456116,0.2578135829787269,0.0,0.002900670133115346,0.25636324791216925,0.16,1
tuning,0,0.24259452521800995,0.2572024197635326,0.0,0.014607894545522637,0.24989847249077127,0.16,1
tuning,0,0.1392768919467926,0.04736538924310162,0.0,-0.09191150270369097,0.09332114059494712,0.16,0
tuning,0,0.14347858726978302,0.07308818701412674,0.0,-0.07039040025565628,0.10828338714195487,0.16,0
tuning,0,0.25654336810112,0.2728621748775727,0.0,0.0163188067764527,0.26470277148934634,0.16,1
tuning,0,0.2571200728416443,0.3284640123279212,0.0,0.07134393948627693,0.29279204258478275,0.16,1
tuning,0,0.25271478295326233,0.2525717637612193,0.0,-0.0001430191920430146,0.2526432733572408,0.16,1
tuning,0,0.14101730287075043,0.05381752014144926,0.0,-0.08719978272930116,0.09741741150609984,0.16,0
tuning,0,0.1392768919467926,0.050154448490668864,0.0,-0.08912244345612375,0.09471567021873073,0.16,0
tuning,1,0.23773063719272614,0.2668032860249038,0.0,0.02907264883217764,0.25226696160881495,0.16,1
tuning,0,0.24655646085739136,0.07003450529064799,0.0,-0.17652195556674338,0.15829548307401967,0.16,0
tuning,0,0.1392768919467926,0.07548584676731394,0.0,-0.06379104517947866,0.10738136935705328,0.16,0
tuning,0,0.2634499967098236,0.3353396694052877,0.0,0.07188967269546409,0.29939483305755565,0.16,1
tuning,1,0.23281635344028473,0.6192954232286412,0.0,0.38647906978835644,0.42605588833446295,0.16,1
tuning,0,0.1392768919467926,0.04180122314300959,0.0,-0.09747566880378301,0.0905390575449011,0.16,0
tuning,0,0.14347858726978302,0.06976493915487265,0.0,-0.07371364811491037,0.10662176321232783,0.16,0
tuning,0,0.14347858726978302,0.06552499373687233,0.0,-0.07795359353291069,0.10450179050332767,0.16,0
tuning,0,0.2364388406276703,0.28554714490667743,0.0,0.04910830427900714,0.26099299276717386,0.16,1
tuning,0,0.24655646085739136,0.2553122219733121,0.0,0.008755761115920746,0.25093434141535176,0.16,1
tuning,0,0.1392768919467926,0.0519269515447655,0.0,-0.0873499404020271,0.09560192174577906,0.16,0
tuning,0,0.1392768919467926,0.05147446024871924,0.0,-0.08780243169807336,0.09537567609775592,0.16,0
tuning,0,0.14347858726978302,0.07169447598426171,0.0,-0.07178411128552131,0.10758653162702236,0.16,0
tuning,0,0.25955432653427124,0.28768000329056687,0.0,0.028125676756295626,0.27361716491241905,0.16,1
tuning,0,0.25955432653427124,0.2642726876269498,0.0,0.004718361092678536,0.2619135070806105,0.16,1
tuning,0,0.24655646085739136,0.26679735395464993,0.0,0.020240893097258572,0.25667690740602067,0.16,1
tuning,0,0.14347858726978302,0.06698862212771947,0.0,-0.07648996514206355,0.10523360469875125,0.16,0
tuning,0,0.25250735878944397,0.3227632280609083,0.0,0.07025586927146432,0.28763529342517613,0.16,1
tuning,0,0.2571200728416443,0.33629767786626863,0.0,0.07917760502462434,0.29670887535395646,0.16,1
tuning,0,0.14347858726978302,0.07411762763718795,0.0,-0.06936095963259507,0.10879810745348548,0.16,0
tuning,0,0.14347858726978302,0.07743232357778741,0.0,-0.06604626369199561,0.11045545542378521,0.16,0
tuning,0,0.24655646085739136,0.07245834242253978,0.0,-0.17409811843485157,0.15950740163996557,0.16,0
tuning,0,0.1392768919467926,0.06671227846920465,0.0,-0.07256461347758796,0.10299458520799862,0.16,0
tuning,0,0.2429811656475067,0.29696671858392226,0.0,0.05398555293641555,0.26997394211571446,0.16,1
tuning,1,0.25250735878944397,0.31969373659627115,0.0,0.06718637780682718,0.28610054769285753,0.16,1
tuning,0,0.14347858726978302,0.06613403421961056,0.0,-0.07734455305017246,0.10480631074469679,0.16,0
tuning,0,0.1392768919467926,0.05071962141329844,0.0,-0.08855727053349416,0.09499825668004552,0.16,0
tuning,0,0.25271478295326233,0.24484510721488398,0.0,-0.007869675738378351,0.24877994508407314,0.16,1
tuning,1,0.2364388406276703,0.44829197578031166,0.0,0.21185313515264137,0.342365408203991,0.16,1
tuning,0,0.1392768919467926,0.06651985161241937,0.0,-0.07275704033437323,0.10289837177960598,0.16,0
tuning,0,0.1392768919467926,0.059876171695492544,0.0,-0.07940072025130006,0.09957653182114257,0.16,0
tuning,0,0.14347858726978302,0.07052247532357395,0.0,-0.07295611194620907,0.10700053129667848,0.16,0
tuning,0,0.25217950344085693,0.21841217918962383,0.0,-0.033767324251233105,0.2352958413152404,0.16,1
tuning,0,0.14101730287075043,0.3136393339512671,0.0,0.17262203108051666,0.22732831841100876,0.16,1
tuning,0,0.14101730287075043,0.04667368923106622,0.0,-0.09434361363968422,0.09384549605090832,0.16,0
tuning,0,0.2429811656475067,0.3073954374846426,0.0,0.06441427183713588,0.27518830156607466,0.16,1
tuning,0,0.23281635344028473,0.23504625357694958,0.0,0.002229900136664853,0.23393130350861716,0.16,1
tuning,0,0.1392768919467926,0.05059191455932324,0.0,-0.08868497738746936,0.09493440325305792,0.16,0
tuning,0,0.2634499967098236,0.34878119197578833,0.0,0.08533119526596472,0.306115594342806,0.16,1
tuning,0,0.25250735878944397,0.31969373659627115,0.0,0.06718637780682718,0.28610054769285753,0.16,1
tuning,0,0.14347858726978302,0.012851619899711238,0.0,-0.1306269673700718,0.07816510358474713,0.16,0
tuning,0,0.23489253222942352,0.28776440268966297,0.0,0.052871870460239445,0.26132846745954325,0.16,1
tuning,1,0.22699563205242157,0.2277602610500471,0.0,0.0007646289976255272,0.22737794655123433,0.16,1
tuning,0,0.14347858726978302,0.07239240757687597,0.0,-0.07108617969290705,0.1079354974233295,0.16,0
tuning,0,0.1392768919467926,0.08596201244528287,0.0,-0.05331487950150973,0.11261945219603774,0.16,0
tuning,0,0.24655646085739136,0.2518561755295943,0.0,0.005299714672202915,0.24920631819349282,0.16,1
tuning,0,0.22699563205242157,0.23913417760086256,0.0,0.012138545548440988,0.23306490482664205,0.16,1
tuning,0,0.1392768919467926,0.06938863165874647,0.0,-0.06988826028804614,0.10433276180276954,0.16,0
tuning,0,0.14347858726978302,0.06941490178601074,0.0,-0.07406368548377228,0.10644674452789687,0.16,0
tuning,0,0.1392768919467926,0.20275146166843722,0.0,0.06347456972164461,0.1710141768076149,0.16,1
tuning,0,0.1392768919467926,0.017923352597559932,0.0,-0.12135353934923267,0.07860012227217626,0.16,0
tuning,0,0.14347858726978302,0.06761804498199976,0.0,-0.07586054228778326,0.10554831612589138,0.16,0
tuning,0,0.2571200728416443,0.7192004101066514,0.0,0.4620803372650071,0.4881602414741478,0.16,1
tuning,0,0.23281635344028473,0.23289175087827038,0.0,7.539743798565257e-05,0.23285405215927757,0.16,1
tuning,0,0.23698480427265167,0.3136430313514904,0.0,0.07665822707883874,0.27531391781207104,0.16,1
tuning,1,0.2571200728416443,0.29987797115418685,0.0,0.042757898312542564,0.27849902199791554,0.16,1
tuning,0,0.2634499967098236,0.34828934052958654,0.0,0.08483934381976294,0.3058696686197051,0.16,1
tuning,0,0.1392768919467926,0.07341582925792614,0.0,-0.06586106268886646,0.10634636060235937,0.16,0
tuning,1,0.2571200728416443,0.3711945619841229,0.0,0.11407448914247859,0.31415731741288355,0.16,1
tuning,0,0.25955432653427124,0.27536860255895235,0.0,0.015814276024681106,0.2674614645466118,0.16,1
tuning,0,0.14101730287075043,0.04767329313364579,0.0,-0.09334400973710463,0.09434529800219811,0.16,0
tuning,0,0.25250735878944397,0.32239696766239195,0.0,0.06988960887294798,0.28745216322591793,0.16,1
tuning,1,0.23698480427265167,0.3071329742949577,0.0,0.070148170022306,0.2720588892838047,0.16,1
tuning,0,0.25955432653427124,0.27536860255895235,0.0,0.015814276024681106,0.2674614645466118,0.16,1
tuning,1,0.2571200728416443,0.3314217669459819,0.0,0.07430169410433762,0.2942709198938131,0.16,1
tuning,0,0.25250735878944397,0.3237909332148229,0.0,0.07128357442537891,0.2881491460021334,0.16,1
tuning,0,0.14347858726978302,0.06252745906166172,0.0,-0.0809511282081213,0.10300302316572238,0.16,0
tuning,0,0.1392768919467926,0.023430728092265745,0.0,-0.11584616385452685,0.08135381001952917,0.16,0
tuning,0,0.14101730287075043,0.24313218078927623,0.0,0.1021148779185258,0.19207474183001333,0.16,1
tuning,0,0.25032296776771545,0.3116383770288687,0.0,0.06131540926115325,0.28098067239829205,0.16,1
tuning,0,0.14347858726978302,0.06876321082528516,0.0,-0.07471537644449786,0.10612089904753409,0.16,0
tuning,0,0.1392768919467926,0.07092441689824559,0.0,-0.06835247504854701,0.10510065442251909,0.16,0
tuning,0,0.25876328349113464,0.31969373659627115,0.0,0.060930453105136506,0.28922851004370287,0.16,1
tuning,0,0.2519374489784241,0.2675936398894635,0.0,0.015656190911039425,0.2597655444339438,0.16,1
tuning,0,0.14347858726978302,0.07849186990548522,0.0,-0.0649867173642978,0.11098522858763413,0.16,0
tuning,0,0.23281635344028473,0.23448604283201296,0.0,0.0016696893917282352,0.23365119813614885,0.16,1
tuning,0,0.24579183757305145,0.45353934593212913,0.0,0.20774750835907768,0.34966559175259027,0.16,1
tuning,1,0.25955432653427124,0.24064001948469804,0.0,-0.018914307049573198,0.25009717300948464,0.16,1
tuning,0,0.14347858726978302,0.07052247532357395,0.0,-0.07295611194620907,0.10700053129667848,0.16,0
tuning,0,0.25250735878944397,0.32239696766239195,0.0,0.06988960887294798,0.28745216322591793,0.16,1
tuning,0,0.2634499967098236,0.3353396694052877,0.0,0.07188967269546409,0.29939483305755565,0.16,1
tuning,0,0.25654336810112,0.33358700409145814,0.0,0.07704363599033814,0.29506518609628907,0.16,1
tuning,0,0.2634499967098236,0.3349349133566602,0.0,0.0714849166468366,0.2991924550332419,0.16,1
