trial,source,objective,xgb,lr,cat,ROC AUC,AP,Accuracy,Balanced Acc,Precision,Recall,Specificity,F1,F2,MCC,threshold
22,bayes_ei,0.8244217823688229,0.24068629694246998,0.3123316411992448,0.4469820618582852,0.6914695721498805,0.31227016689986564,0.56973293768546,0.683331118788201,0.24725274725274726,0.8490566037735849,0.5176056338028169,0.3829787234042553,0.5710659898477157,0.26783155708395595,0.29
20,bayes_ei,0.8241876100079498,0.4157194219652133,0.20764693030285475,0.376633647731932,0.6914695721498805,0.30976087974037125,0.5727002967359051,0.6850916821684826,0.24861878453038674,0.8490566037735849,0.5211267605633803,0.38461538461538464,0.5725190839694657,0.2702790702609713,0.26
45,bayes_ei,0.8241443065769826,0.4116147787669529,0.1941102258774154,0.39427499535563176,0.6914695721498805,0.30954436258553497,0.5727002967359051,0.6850916821684826,0.24861878453038674,0.8490566037735849,0.5211267605633803,0.38461538461538464,0.5725190839694657,0.2702790702609713,0.26
21,bayes_ei,0.8239347580965302,0.4459408363959346,0.20016829094885424,0.35389087265521113,0.6916024448578262,0.3091706819986736,0.56973293768546,0.683331118788201,0.24725274725274726,0.8490566037735849,0.5176056338028169,0.3829787234042553,0.5710659898477157,0.26783155708395595,0.25
49,bayes_ei,0.823813747954801,0.24880485612497794,0.37416889529422326,0.3770262485807988,0.6910045176720702,0.31155526721880755,0.56973293768546,0.683331118788201,0.24725274725274726,0.8490566037735849,0.5176056338028169,0.3829787234042553,0.5710659898477157,0.26783155708395595,0.28
48,bayes_ei,0.8237432765255898,0.3364496794519848,0.2639327543151499,0.3996175662328653,0.6913366994419347,0.30954200122342923,0.56973293768546,0.683331118788201,0.24725274725274726,0.8490566037735849,0.5176056338028169,0.3829787234042553,0.5710659898477157,0.26783155708395595,0.27
17,bayes_ei,0.8236680322371654,0.4853892549907676,0.15379305083883946,0.3608176941703929,0.6915360085038533,0.306830809116585,0.5727002967359051,0.6850916821684826,0.24861878453038674,0.8490566037735849,0.5211267605633803,0.38461538461538464,0.5725190839694657,0.2702790702609713,0.25
41,bayes_ei,0.8233104596396107,0.2609364029120687,0.36433976829059356,0.3747238287973378,0.6908052086101515,0.3113683134287149,0.5667655786350149,0.6815705554079192,0.2459016393442623,0.8490566037735849,0.5140845070422535,0.3813559322033898,0.569620253164557,0.26539126054521206,0.27
1,initial,0.8230012747761913,0.4929138669032232,0.21787539735478478,0.2892107357419921,0.6909380813180973,0.3078250830956236,0.56973293768546,0.683331118788201,0.24725274725274726,0.8490566037735849,0.5176056338028169,0.3829787234042553,0.5710659898477157,0.26783155708395595,0.24
50,bayes_ei,0.8229570657422878,0.49246119649788844,0.22224055963574008,0.28529824386637154,0.6908716449641243,0.3079362196959706,0.56973293768546,0.683331118788201,0.24725274725274726,0.8490566037735849,0.5176056338028169,0.3829787234042553,0.5710659898477157,0.26783155708395595,0.24
56,bayes_ei,0.8229419107562146,0.5336177872065019,0.17102307306697884,0.2953591397265193,0.6914695721498804,0.3075312979554883,0.5637982195845698,0.6798099920276375,0.24456521739130435,0.8490566037735849,0.5105633802816901,0.37974683544303794,0.5681818181818181,0.26295794394109473,0.23
33,bayes_ei,0.8227543324673956,0.3735942550087541,0.26886249805734513,0.35754324693390077,0.6905394631942599,0.3085834621708323,0.56973293768546,0.683331118788201,0.24725274725274726,0.8490566037735849,0.5176056338028169,0.3829787234042553,0.5710659898477157,0.26783155708395595,0.26
14,bayes_ei,0.8226400359294164,0.5805751860221307,0.20577437987059571,0.21365043410727363,0.6908052086101515,0.3066832524014781,0.56973293768546,0.683331118788201,0.24725274725274726,0.8490566037735849,0.5176056338028169,0.3829787234042553,0.5710659898477157,0.26783155708395595,0.22
54,bayes_ei,0.8225776795000741,0.3700354171836653,0.2794396553660058,0.3505249274503289,0.6904065904863141,0.3083645608739532,0.56973293768546,0.683331118788201,0.24725274725274726,0.8490566037735849,0.5176056338028169,0.3829787234042553,0.5710659898477157,0.26783155708395595,0.26
2,initial,0.822456505491602,0.3889143024575557,0.31370416426379366,0.2973815332786507,0.690473026840287,0.3074265090617283,0.56973293768546,0.683331118788201,0.24725274725274726,0.8490566037735849,0.5176056338028169,0.3829787234042553,0.5710659898477157,0.26783155708395595,0.25
55,bayes_ei,0.8223421487220169,0.37160115642386504,0.2811007872002276,0.3472980563759074,0.6902737177783683,0.30785127052339667,0.56973293768546,0.683331118788201,0.24725274725274726,0.8490566037735849,0.5176056338028169,0.3829787234042553,0.5710659898477157,0.26783155708395595,0.26
35,bayes_ei,0.8223078360441254,0.25401490744908145,0.44164699887701625,0.30433809367390235,0.6895429178846665,0.3113337066024479,0.56973293768546,0.683331118788201,0.24725274725274726,0.8490566037735849,0.5176056338028169,0.3829787234042553,0.5710659898477157,0.26783155708395595,0.26
53,bayes_ei,0.8222468505070718,0.595046449961364,0.16033905174547614,0.24461449829315984,0.6910709540260431,0.30338859821029696,0.56973293768546,0.683331118788201,0.24725274725274726,0.8490566037735849,0.5176056338028169,0.3829787234042553,0.5710659898477157,0.26783155708395595,0.22
25,bayes_ei,0.8222069920354338,0.3952102022841918,0.29004564014221185,0.31474415757359636,0.690406590486314,0.3065111235507524,0.56973293768546,0.683331118788201,0.24725274725274726,0.8490566037735849,0.5176056338028169,0.3829787234042553,0.5710659898477157,0.26783155708395595,0.25
23,bayes_ei,0.8221666868338598,0.63553225988239,0.19424354986491302,0.17022419025269694,0.6907387722561785,0.3046486886935604,0.56973293768546,0.683331118788201,0.24725274725274726,0.8490566037735849,0.5176056338028169,0.3829787234042553,0.5710659898477157,0.26783155708395595,0.21
24,bayes_ei,0.8219849424612089,0.4635696305649649,0.24602240757992933,0.29040796185510576,0.6902737177783684,0.30606523921935574,0.56973293768546,0.683331118788201,0.24725274725274726,0.8490566037735849,0.5176056338028169,0.3829787234042553,0.5710659898477157,0.26783155708395595,0.24
60,bayes_ei,0.821741027852242,0.27118550747306014,0.4531423344556436,0.27567215807129625,0.6890114270528833,0.3111571198019468,0.56973293768546,0.683331118788201,0.24725274725274726,0.8490566037735849,0.5176056338028169,0.3829787234042553,0.5710659898477157,0.26783155708395595,0.25
13,bayes_ei,0.8215974051890914,0.5280438325747896,0.28309431532239515,0.18886185210281525,0.6895429178846665,0.3077815523272782,0.56973293768546,0.683331118788201,0.24725274725274726,0.8490566037735849,0.5176056338028169,0.3829787234042553,0.5710659898477157,0.26783155708395595,0.22
3,initial,0.8215900482633931,0.574568096098881,0.2711317138733492,0.15430019002776973,0.6896093542386394,0.3074125859289218,0.56973293768546,0.683331118788201,0.24725274725274726,0.8490566037735849,0.5176056338028169,0.3829787234042553,0.5710659898477157,0.26783155708395595,0.21
7,initial,0.8215627374726693,0.6582344978335728,0.19512943125415452,0.14663607091227268,0.6901408450704225,0.30461857781638746,0.56973293768546,0.683331118788201,0.24725274725274726,0.8490566037735849,0.5176056338028169,0.3829787234042553,0.5710659898477157,0.26783155708395595,0.2
58,bayes_ei,0.8214972315880434,0.5660070382632596,0.23730364847047397,0.19668931326626643,0.6900079723624767,0.3049554119329875,0.56973293768546,0.683331118788201,0.24725274725274726,0.8490566037735849,0.5176056338028169,0.3829787234042553,0.5710659898477157,0.26783155708395595,0.22
19,bayes_ei,0.8214689768345166,0.3476879026364793,0.4269981329825617,0.22531396438095902,0.6887456816369918,0.3111255917927777,0.56973293768546,0.683331118788201,0.24725274725274726,0.8490566037735849,0.5176056338028169,0.3829787234042553,0.5710659898477157,0.26783155708395595,0.24
27,bayes_ei,0.8214367729534593,0.6211369728424201,0.27753579694319996,0.10132723021437995,0.6896093542386393,0.30664620937925335,0.56973293768546,0.683331118788201,0.24725274725274726,0.8490566037735849,0.5176056338028169,0.3829787234042553,0.5710659898477157,0.26783155708395595,0.2
9,initial,0.8209089205388569,0.5576799314223796,0.3264450371516975,0.11587503142592293,0.6890114270528834,0.3069965832350206,0.56973293768546,0.683331118788201,0.24725274725274726,0.8490566037735849,0.5176056338028169,0.3829787234042553,0.5710659898477157,0.26783155708395595,0.21
52,bayes_ei,0.8208842755491433,0.526782134712775,0.36092497097693305,0.11229289431029194,0.6888121179909645,0.30786990359604754,0.56973293768546,0.683331118788201,0.24725274725274726,0.8490566037735849,0.5176056338028169,0.3829787234042553,0.5710659898477157,0.26783155708395595,0.21
10,initial,0.8208559391514292,0.4967020502357199,0.3557253950500487,0.14757255471423142,0.6885463725750731,0.30771852333180444,0.5727002967359051,0.6850916821684826,0.24861878453038674,0.8490566037735849,0.5211267605633803,0.38461538461538464,0.5725190839694657,0.2702790702609713,0.22
38,bayes_ei,0.8208248100790109,0.4269567068875668,0.35055253653260565,0.22249075657982753,0.6888121179909646,0.3075725762453844,0.56973293768546,0.683331118788201,0.24725274725274726,0.8490566037735849,0.5176056338028169,0.3829787234042553,0.5710659898477157,0.26783155708395595,0.24
6,initial,0.8207462512129821,0.5572816710783766,0.25858119921798006,0.18413712970364338,0.6891442997608292,0.30551887306591746,0.56973293768546,0.683331118788201,0.24725274725274726,0.8490566037735849,0.5176056338028169,0.3829787234042553,0.5710659898477157,0.26783155708395595,0.22
26,bayes_ei,0.8205948385251848,0.233230994721464,0.4658447120899412,0.30092429318859476,0.6887456816369918,0.31073762655714476,0.5608308605341247,0.6780494286473558,0.24324324324324326,0.8490566037735849,0.5070422535211268,0.3781512605042017,0.5667506297229219,0.2605313720894361,0.25
29,bayes_ei,0.8204814869226909,0.7053009061639595,0.20378316411769773,0.09091592971834281,0.689277172468775,0.30353068807473277,0.56973293768546,0.683331118788201,0.24725274725274726,0.8490566037735849,0.5176056338028169,0.3829787234042553,0.5710659898477157,0.26783155708395595,0.19
32,bayes_ei,0.8203432555923269,0.635408806376712,0.23852443424008557,0.1260667593832024,0.6890778634068562,0.3038360767325069,0.56973293768546,0.683331118788201,0.24725274725274726,0.8490566037735849,0.5176056338028169,0.3829787234042553,0.5710659898477157,0.26783155708395595,0.2
37,bayes_ei,0.8202002596536683,0.48822840191798744,0.3401404011659834,0.17163119691602918,0.6885463725750731,0.3071114936743946,0.5667655786350149,0.6815705554079192,0.2459016393442623,0.8490566037735849,0.5140845070422535,0.3813559322033898,0.569620253164557,0.26539126054521206,0.22
34,bayes_ei,0.8201035783398952,0.2989283527189478,0.4731142948104402,0.227957352470612,0.6884799362211003,0.3109270662077734,0.5578635014836796,0.6762888652670742,0.24193548387096775,0.8490566037735849,0.5035211267605634,0.37656903765690375,0.5653266331658291,0.25811131121314795,0.23
44,bayes_ei,0.8199372041774857,0.27287303993086276,0.4826161976042278,0.24451076246490944,0.6883470635131543,0.3107595589354555,0.5578635014836796,0.6762888652670742,0.24193548387096775,0.8490566037735849,0.5035211267605634,0.37656903765690375,0.5653266331658291,0.25811131121314795,0.23
57,bayes_ei,0.8198432229700925,0.5179858168266027,0.10322961561670004,0.37878456755669726,0.6886128089290461,0.29962910962507483,0.5786350148367952,0.688612808929046,0.25139664804469275,0.8490566037735849,0.528169014084507,0.3879310344827586,0.5754475703324808,0.2751967016556675,0.25
16,bayes_ei,0.8196664475802344,0.24291585874736416,0.4799265402296253,0.2771576010230106,0.6881477544512358,0.31040232125879214,0.5578635014836796,0.6762888652670742,0.24193548387096775,0.8490566037735849,0.5035211267605634,0.37656903765690375,0.5653266331658291,0.25811131121314795,0.24
8,initial,0.8196473799199977,0.5219262965382323,0.39086888798844943,0.08720481547331826,0.6883470635131543,0.30799342415039677,0.5608308605341247,0.6780494286473558,0.24324324324324326,0.8490566037735849,0.5070422535211268,0.3781512605042017,0.5667506297229219,0.2605313720894361,0.2
28,bayes_ei,0.8194768101234677,0.6676595413815503,0.16058097196185273,0.17175948665659702,0.6895429178846665,0.3011613033101863,0.5608308605341247,0.6780494286473558,0.24324324324324326,0.8490566037735849,0.5070422535211268,0.3781512605042017,0.5667506297229219,0.2605313720894361,0.2
40,bayes_ei,0.8192632093490394,0.5865252220362894,0.34800589842220686,0.06546887954150371,0.6877491363273983,0.3050794809133588,0.56973293768546,0.683331118788201,0.24725274725274726,0.8490566037735849,0.5176056338028169,0.3829787234042553,0.5710659898477157,0.26783155708395595,0.2
59,bayes_ei,0.8192098618528797,0.3615820323877948,0.4902753609192151,0.14814260669299018,0.6877491363273983,0.31011248324120577,0.5578635014836796,0.6762888652670742,0.24193548387096775,0.8490566037735849,0.5035211267605634,0.37656903765690375,0.5653266331658291,0.25811131121314795,0.21
46,bayes_ei,0.8191505120128298,0.67596176130675,0.26897104622642765,0.055067192466822346,0.6890114270528833,0.30481615537557527,0.5548961424332344,0.6745283018867925,0.24064171122994651,0.8490566037735849,0.5,0.37499999999999994,0.5639097744360902,0.2556975288244511,0.18
30,bayes_ei,0.8191454210078017,0.5403142366030367,0.38523503302796747,0.07445073036899585,0.6878820090353441,0.3064866647861056,0.5637982195845698,0.6798099920276375,0.24456521739130435,0.8490566037735849,0.5105633802816901,0.37974683544303794,0.5681818181818181,0.26295794394109473,0.2
42,bayes_ei,0.8190215788407096,0.1740075127399027,0.5508031331514662,0.2751893541086311,0.6882806271591815,0.31043416115023,0.5489614243323442,0.6710071751262291,0.23809523809523808,0.8490566037735849,0.49295774647887325,0.371900826446281,0.5610972568578554,0.2508878753139311,0.23
12,initial,0.8188882948224312,0.1606813835049682,0.5631173107511924,0.2762013057438394,0.6881477544512357,0.3104321045985672,0.5489614243323442,0.6710071751262291,0.23809523809523808,0.8490566037735849,0.49295774647887325,0.371900826446281,0.5610972568578554,0.2508878753139311,0.23
47,bayes_ei,0.8185026344710401,0.5213535673549787,0.09599514616559503,0.38265128647942626,0.687948445389317,0.29624798482845854,0.5786350148367952,0.688612808929046,0.25139664804469275,0.8490566037735849,0.528169014084507,0.3879310344827586,0.5754475703324808,0.2751967016556675,0.25
15,bayes_ei,0.8181800209676156,0.7463592026187499,0.22569649092468871,0.027944306456561402,0.6885463725750731,0.3022889725385549,0.5548961424332344,0.6745283018867925,0.24064171122994651,0.8490566037735849,0.5,0.37499999999999994,0.5639097744360902,0.2556975288244511,0.17
31,bayes_ei,0.8176241900635706,0.5115830758166916,0.45070132358255327,0.03771560060075513,0.6870183364336966,0.3058381237631684,0.5578635014836796,0.6762888652670742,0.24193548387096775,0.8490566037735849,0.5035211267605634,0.37656903765690375,0.5653266331658291,0.25811131121314795,0.18
36,bayes_ei,0.8172925626424105,0.5243775176311092,0.4486932527263539,0.02692922964253691,0.686752591017805,0.3055087137368263,0.5578635014836796,0.6762888652670742,0.24193548387096775,0.8490566037735849,0.5035211267605634,0.37656903765690375,0.5653266331658291,0.25811131121314795,0.18
51,bayes_ei,0.8167723271208052,0.4610533439668232,0.5074271721735034,0.0315194838596734,0.6866861546638321,0.3071602650274544,0.5489614243323442,0.6710071751262291,0.23809523809523808,0.8490566037735849,0.49295774647887325,0.371900826446281,0.5610972568578554,0.2508878753139311,0.17
5,initial,0.816296373300222,0.3030594251088902,0.5605924259836756,0.13634814890743407,0.6866197183098592,0.30898924519881377,0.5400593471810089,0.665725484985384,0.234375,0.8490566037735849,0.4823943661971831,0.3673469387755102,0.556930693069307,0.24371473287338627,0.19
4,initial,0.8160634297927103,0.39492551702158524,0.5460889592299523,0.05898552374846244,0.686752591017805,0.30844296687789435,0.5370919881305638,0.6639649216051023,0.23316062176165803,0.8490566037735849,0.4788732394366197,0.3658536585365854,0.5555555555555556,0.2413337968754173,0.17
11,initial,0.8159899788361299,0.3416585017591927,0.5844052079900904,0.07393629025071691,0.6866197183098591,0.3086264079156724,0.5727002967359051,0.6697448844007441,0.24293785310734464,0.8113207547169812,0.528169014084507,0.3739130434782609,0.5526992287917738,0.24750112127917584,0.22
39,bayes_ei,0.8158581606719634,0.6720426547975037,0.10961895061004916,0.21833839459244714,0.6864204092479405,0.2933594475701389,0.5727002967359051,0.6850916821684826,0.24861878453038674,0.8490566037735849,0.5211267605633803,0.38461538461538464,0.5725190839694657,0.2702790702609713,0.21
43,bayes_ei,0.8147279545951003,0.5762946654040487,0.09307852865067674,0.33062680594527455,0.6868854637257507,0.29202130996054687,0.5578635014836796,0.6762888652670742,0.24193548387096775,0.8490566037735849,0.5035211267605634,0.37656903765690375,0.5653266331658291,0.25811131121314795,0.23
18,bayes_ei,0.8026995574654407,0.7432043432179423,0.05,0.20679565678205775,0.6777836832314643,0.27208848697503546,0.56973293768546,0.683331118788201,0.24725274725274726,0.8490566037735849,0.5176056338028169,0.3829787234042553,0.5710659898477157,0.26783155708395595,0.2
