id,y_true,0,1,2,3,4,5,6,7,8,9,10,11,12,cluster,pca_1,pca_2
797,0,0.24676458537578583,0.26342618465423584,0.24279707670211792,0.2634499967098236,0.2664759159088135,0.33852379237618513,0.6669057190511248,0.3598529839312622,0.33202699959593845,0.5569166849084629,0.5717773898441405,0.578851768943192,0.5442807271202148,0,3.830002830519294,0.11882389139583975
617,0,0.17255541682243347,0.14474348723888397,0.13657698035240173,0.14347858726978302,0.14411942660808563,0.07693644813197605,0.28829496994424714,0.08450670231641484,0.13635740869095334,0.36344378861815624,0.29973276166103796,0.388568755572864,0.4285544418701482,1,-2.562486210703043,0.1470891131998265
531,0,0.23419876396656036,0.25767016410827637,0.25001221895217896,0.25955432653427124,0.24363434314727783,0.2724909421866321,0.6057793053119346,0.2772866115643627,0.251468667345702,0.5446922235343168,0.6033043170929032,0.5629942550387069,0.5489782659991665,0,3.132907515547144,-0.5702935931283976
840,0,0.2314891368150711,0.26342618465423584,0.24906888604164124,0.25654336810112,0.2623772919178009,0.3193284475251986,0.5791008030165268,0.28026000807123436,0.20373955193092746,0.5463925366196152,0.528415833560297,0.5469223544108587,0.5339375598243,0,3.0006973724794355,-0.5745735525869979
2,0,0.2406768798828125,0.26963523030281067,0.25574833154678345,0.2571200728416443,0.2703988254070282,0.35320496730829193,0.6681471727229903,0.3891999899527341,0.3882046291217027,0.5409000369180785,0.5827150704577992,0.6203550389274798,0.54283649849487,0,4.063126446400767,0.42996929712710497
107,0,0.2406768798828125,0.26342618465423584,0.2646868824958801,0.2571200728416443,0.2703988254070282,0.33918467682427733,0.6680727080306366,0.36587157807354576,0.3690243002331158,0.5539543470369938,0.5830906989285244,0.5240655989802021,0.5323723294849265,0,3.8122110608773965,0.297960654541249
700,0,0.16598816215991974,0.14085574448108673,0.1292508989572525,0.14101730287075043,0.1403338760137558,0.04106213834155527,0.10622687513068016,0.02078008743458224,0.05410151978381609,0.28106500265600126,0.19473864091276766,0.14108879734681898,0.3344982954901756,1,-4.364815819379868,0.0419890550748335
781,0,0.17255541682243347,0.14474348723888397,0.13657698035240173,0.14347858726978302,0.14411942660808563,0.07587016086188689,0.2547951942441739,0.08896112325123094,0.1665120352817938,0.37551378449588735,0.35158353065765974,0.44566566608445607,0.42725842030464983,1,-2.3456721023938365,0.13476812106089686
521,0,0.24676458537578583,0.26342618465423584,0.2710297107696533,0.2634499967098236,0.2664759159088135,0.3325691459663662,0.6537020742411206,0.33733311899845553,0.314960426102544,0.5569166849084629,0.585036656953667,0.580196379841665,0.5358623096609652,0,3.8660595214108198,-0.14155059195229447
369,0,0.2077990025281906,0.21442043781280518,0.2006361484527588,0.2481546550989151,0.204820916056633,0.24142640809845559,0.4718355081077874,0.16708467052180245,0.11746054215503277,0.5335633357565914,0.49789795697310524,0.5101635808939725,0.5258583924284943,0,1.196011477226955,-0.8846882291909454
446,0,0.17248880863189697,0.14474348723888397,0.14804773032665253,0.14101730287075043,0.1403338760137558,0.05146734043467739,0.16773581645430466,0.039371269042834375,0.07160253238092736,0.36629284633842923,0.29910249007484885,0.34840803990240554,0.44783860255534513,1,-2.918904284454197,-0.4463884892856752
110,0,0.16279149055480957,0.14085574448108673,0.1292508989572525,0.14347858726978302,0.1412048637866974,0.06622236046045567,0.22103183028996012,0.05467952255200574,0.08152165394646815,0.288190308359097,0.20169248216593344,0.19184781123047046,0.34117611573192075,1,-3.9409705739809775,0.3557001466891746
205,1,0.24676458537578583,0.26342618465423584,0.2646868824958801,0.2634499967098236,0.2664759159088135,0.3365331068548781,0.6317266941854717,0.3522716707271944,0.34387076068071654,0.5564901059355298,0.5742921835125536,0.5704390232401569,0.5428735694534672,0,3.870692133380209,0.03734892564495464
724,0,0.16279149055480957,0.14085574448108673,0.13278086483478546,0.1392768919467926,0.1412048637866974,0.06617444003769417,0.21998951524358046,0.056949699496848326,0.07265072166190337,0.26665363041209733,0.16210281019232825,0.20321554701405248,0.3247449051983939,1,-4.112711034422769,0.4260976534302883
507,0,0.16279149055480957,0.14085574448108673,0.1292508989572525,0.14347858726978302,0.1412048637866974,0.2718587286687271,0.4942668055886805,0.26879895396380993,0.3806839048968187,0.36001245148861766,0.24071714286014181,0.2737244805332573,0.42016859281360425,1,-1.74063779533789,2.5983776670758814
772,1,0.21179361641407013,0.19178469479084015,0.25451764464378357,0.2333565056324005,0.20692113041877747,0.20838602655774355,0.4552492709645171,0.15675075366063693,0.21715842843712693,0.5418138162661199,0.45956827970578773,0.5079091007291894,0.5372310746579287,0,1.3427626837707185,-0.7126745666059348
164,1,0.2256653904914856,0.26963523030281067,0.25479069352149963,0.25032296776771545,0.2662617862224579,0.28869624441794456,0.5731954168728605,0.3091850863752551,0.3013441677790374,0.5626727564397292,0.6077692636511264,0.6408105708684728,0.5569780184478957,0,3.5366983574348225,-0.40569482127235346
62,0,0.2138689160346985,0.25767016410827637,0.24906888604164124,0.25271478295326233,0.2434324473142624,0.2525193153217726,0.50545589718129,0.19492803682618354,0.17673436371537846,0.5502570311622405,0.5709308953786187,0.5433515507075921,0.5420924657401437,0,2.3933091297430424,-1.0922863124099982
382,0,0.17255541682243347,0.14085574448108673,0.13681092858314514,0.1392768919467926,0.14411942660808563,0.06486042251818018,0.18295506022587016,0.05331559440631791,0.08141933575725144,0.3677361978504233,0.35763541674405386,0.3447096039454148,0.38618339432065724,1,-3.0076677443202766,-0.2258410787833735
750,0,0.2406768798828125,0.26342618465423584,0.25001221895217896,0.2571200728416443,0.2703988254070282,0.3344317365563634,0.6261519639937225,0.34082636307184183,0.3385147010068843,0.5465215525327468,0.584363854301282,0.5776997767522162,0.5381008684803098,0,3.68728817822786,0.06559204541032294
156,0,0.22829638421535492,0.21909692883491516,0.2720471918582916,0.23698480427265167,0.2359732985496521,0.3250334281646388,0.6061932711944693,0.2959285638424447,0.36882542596813817,0.5508400171693358,0.5824702867832002,0.5602391630514597,0.5460572969936488,0,3.1067060306311727,0.25017456886140876
220,1,0.24676458537578583,0.26963523030281067,0.24842247366905212,0.2634499967098236,0.2664759159088135,0.34654330173096076,0.6841084715639935,0.3908509524733031,0.36161307251324887,0.5666154441488307,0.6052849969535009,0.6330186210640812,0.5611992592147151,0,4.251305859170858,0.2107578797613697
47,0,0.22812102735042572,0.23403456807136536,0.25650522112846375,0.25876328349113464,0.2359732985496521,0.32471232530943944,0.6039353687822687,0.30843050357534946,0.3025006057547403,0.547678888184382,0.5591983319457886,0.5570511774908202,0.5356841011583283,0,3.0479750423299987,0.020529215032828937
142,0,0.17255541682243347,0.14085574448108673,0.13303595781326294,0.14347858726978302,0.14411942660808563,0.07156337135436303,0.25401845230384656,0.07469172157163348,0.10909068090927677,0.3810441248422503,0.36876028423105184,0.3457583038765298,0.41725222203603063,1,-2.661933326456593,-0.06172272242106542
408,0,0.16598816215991974,0.14085574448108673,0.1292508989572525,0.14347858726978302,0.1412048637866974,0.0623378520899745,0.19748988410858018,0.043243897143317125,0.06053023984669151,0.2910006797053217,0.20102558040314156,0.18287717424826766,0.3387639507199661,1,-4.019137462480279,0.20093910795926873
293,0,0.16279149055480957,0.14085574448108673,0.1292508989572525,0.14101730287075043,0.1403338760137558,0.0413803796799339,0.16359596559558817,0.03576226855308301,0.062612358467172,0.2702041810198192,0.1816200886995723,0.14765771323507326,0.34805709216920816,1,-4.270568783020266,0.18898684838875826
260,0,0.17255541682243347,0.14085574448108673,0.13303595781326294,0.14347858726978302,0.14411942660808563,0.07422791880381496,0.2708370982391354,0.08586939944646799,0.13167944336815907,0.37995857504964087,0.35511860615297036,0.39733707508444854,0.41395014972355665,1,-2.531255863250552,0.06860103862791408
639,0,0.2256653904914856,0.2743351459503174,0.26693740487098694,0.25032296776771545,0.2662617862224579,0.27649993993946465,0.5076058707612606,0.24639534591040865,0.30770373904073534,0.5679888426666218,0.5945580594056615,0.5774111875657671,0.5479547791246595,0,3.262785270787101,-0.654787297526702
351,0,0.17732244729995728,0.14474348723888397,0.13657698035240173,0.1392768919467926,0.14411942660808563,0.06955654118925013,0.20843448887378346,0.07317352716647182,0.08669595327810369,0.3799276786345135,0.37603537419820904,0.41901687487993505,0.40864134658432044,1,-2.5992861026869494,-0.27031680159531646
87,0,0.2406768798828125,0.26802629232406616,0.27983176708221436,0.2571200728416443,0.26421818137168884,0.3302065612497888,0.6490713534442571,0.321004373087725,0.33982579937020874,0.5609026750920623,0.6013689266993757,0.5804122101650829,0.5388987712277756,0,3.8789169901540776,-0.1265321078877433
297,0,0.16782522201538086,0.14474348723888397,0.14123544096946716,0.14101730287075043,0.1403338760137558,0.28534998628140024,0.483406177128844,0.40706528836939265,0.6221159245722073,0.35003087848980685,0.2858224298700822,0.3341324222596194,0.45713761289207067,1,-0.754532960292774,3.7939946600973347
270,0,0.2314891368150711,0.26802629232406616,0.26364052295684814,0.25654336810112,0.2563156187534332,0.42752123891049126,0.643946604790777,0.40396961076120785,0.5199301064980302,0.5582145418206499,0.5817743709778964,0.5662601944473471,0.5221003077630612,0,4.139255194927668,1.259041851783793
508,0,0.17732244729995728,0.14085574448108673,0.13303595781326294,0.14347858726978302,0.14411942660808563,0.06544859517575606,0.18663008667269765,0.05326314116073314,0.08340619959709608,0.37097293875809173,0.401045905201946,0.33352039840645603,0.42216443298178796,1,-2.7678813644129923,-0.3414536103271135
497,0,0.16279149055480957,0.14085574448108673,0.1292508989572525,0.1392768919467926,0.1412048637866974,0.11737871338011399,0.2476688815025659,0.0900831565607225,0.14268277013109998,0.30832522835800047,0.24562568705218563,0.25995490823374245,0.3888552226267821,1,-3.278891950301901,0.6611137858897307
717,1,0.1981136053800583,0.2053498923778534,0.21362361311912537,0.22699563205242157,0.2034844309091568,0.23035342898630806,0.4055112419270195,0.13651272223141778,0.11882240762518974,0.5266688222748627,0.4832501740027816,0.4922272897263505,0.5276479798401882,0,0.7866770309269737,-0.9305181466027692
90,0,0.16279149055480957,0.14085574448108673,0.13278086483478546,0.14347858726978302,0.1412048637866974,0.05078593459945491,0.14573344046294007,0.036402369828674154,0.05614532260807754,0.2853441779731506,0.1854079586252871,0.17500198534097447,0.3434380337813497,1,-4.177377397524959,0.11316249851766226
381,0,0.2138689160346985,0.25767016410827637,0.2349833846092224,0.24655646085739136,0.2434324473142624,0.2528095498203267,0.505214101445822,0.20424988531018154,0.15998449441229684,0.5407809391482099,0.602153108777816,0.4933554791089789,0.5145226036067829,0,2.1386925745637146,-0.9948337191728213
607,1,0.2406768798828125,0.26802629232406616,0.27983176708221436,0.2634499967098236,0.26421818137168884,0.15767064809374903,0.49660352679869824,0.07511813619814545,0.051524425055665866,0.5592073820895939,0.5929712678026273,0.5571724332665834,0.5229047262285688,0,2.4318222580707936,-2.5547660618695796
79,0,0.16279149055480957,0.14085574448108673,0.13278086483478546,0.1392768919467926,0.1403338760137558,0.04415322904382365,0.10919504424076801,0.023674701879037405,0.03340854985906977,0.2477469742315418,0.15584361314034473,0.12778267037707133,0.32581344980649113,1,-4.601252017513687,0.1073680053724016
76,0,0.16279149055480957,0.14085574448108673,0.1292508989572525,0.1392768919467926,0.1403338760137558,0.037314725563198405,0.11349520221568384,0.02404349110198719,0.033087819529983895,0.25914657327038937,0.14617955667005983,0.13346653519997304,0.3108870944416944,1,-4.654405444755834,0.12000245451162299
678,0,0.2406768798828125,0.26802629232406616,0.2861228883266449,0.2571200728416443,0.26421818137168884,0.3296678840197466,0.6474210837755172,0.2917482729158166,0.2984943936611187,0.552837755519329,0.6074559900767345,0.5827858003011399,0.5486496188025508,0,3.822412244816992,-0.4159116675630261
761,0,0.17732244729995728,0.14085574448108673,0.13303595781326294,0.1392768919467926,0.14411942660808563,0.05648202426109698,0.16015231925935597,0.05581458650059498,0.08589146781038498,0.35523757255892996,0.329556024107109,0.3388176508653329,0.3968080088965954,1,-3.0700099479841185,-0.21381063761566627
233,0,0.17255541682243347,0.14085574448108673,0.13303595781326294,0.1392768919467926,0.14411942660808563,0.07270383952577678,0.2597630446195582,0.08680349010204884,0.10322843166948469,0.3658440391082322,0.3158891970608326,0.37876422050508685,0.39808683743875783,1,-2.797511612759392,0.06596238192262191
555,0,0.24676458537578583,0.26802629232406616,0.27983176708221436,0.2634499967098236,0.2557902932167053,0.3276535077318249,0.611264570186752,0.28483833215779153,0.2831455068378093,0.545635483632874,0.6000177565054665,0.5730971706616971,0.5264808589327366,0,3.627367204148566,-0.4722648755822121
171,0,0.16279149055480957,0.14085574448108673,0.1292508989572525,0.1392768919467926,0.1403338760137558,0.043494847953086904,0.11914820615177453,0.026826895347647987,0.059289414033009115,0.2672921150320662,0.18555097643350985,0.14232175689111742,0.3312128298111222,1,-4.420742038004289,0.1544434610146678
30,0,0.16598816215991974,0.14085574448108673,0.1292508989572525,0.1392768919467926,0.1403338760137558,0.042049434293970525,0.11134258671929907,0.018641977581748164,0.023468127760234294,0.25386684309874785,0.14615615319238343,0.1267974467961391,0.3233104648722319,1,-4.625331504009559,0.05332961926671521
200,0,0.23419876396656036,0.26379212737083435,0.24842247366905212,0.25955432653427124,0.24363434314727783,0.28353001477694384,0.6350523112629207,0.3118633288166493,0.31462916773069904,0.5514255769441613,0.5983806833171935,0.6071560165531241,0.5577368027904835,0,3.4804190670988673,-0.22647944818968305
633,0,0.16279149055480957,0.14085574448108673,0.1292508989572525,0.1392768919467926,0.1403338760137558,0.0448984397228128,0.12719031319756716,0.025456453045449825,0.03048674545739886,0.25215542497288046,0.14678318925797026,0.13346653519997304,0.30801190625822217,1,-4.649210951305126,0.16094328781677023
279,1,0.22812102735042572,0.2194960117340088,0.25217360258102417,0.25876328349113464,0.22462591528892517,0.32239696766239195,0.6298732622763982,0.3042824631216956,0.2579148685465905,0.543030387232946,0.5543779164468249,0.5578705002627881,0.5245757217975637,0,2.7968889641638057,-0.03325316044540231
93,1,0.21774877607822418,0.19645844399929047,0.22770345211029053,0.2429811656475067,0.21975208818912506,0.3096746268444324,0.6010915558059189,0.24575107883947425,0.25501177458816254,0.5359732593194729,0.5209779912285321,0.5337159887459445,0.5263347566624133,0,2.0967722908489677,0.031948785983595726
125,0,0.1981136053800583,0.19178469479084015,0.23370569944381714,0.22699563205242157,0.2034844309091568,0.19346531077340462,0.3930002016951577,0.11384251292184266,0.12047881934908676,0.5359855733836381,0.4676005769089616,0.4716188450637137,0.527652018902324,0,0.6522541148718628,-1.113386289552903
424,0,0.22812102735042572,0.2194960117340088,0.23099353909492493,0.25876328349113464,0.22462591528892517,0.3237909332148229,0.6332870559375084,0.3079368010609673,0.2537280837890088,0.5515607707951171,0.5503407430206421,0.5566903193484831,0.5347517908331654,0,2.751562884506316,0.014428049261710063
337,1,0.21947452425956726,0.26379212737083435,0.23344308137893677,0.24999701976776123,0.239772230386734,0.2671613516524466,0.5118069191260886,0.26268651975626117,0.19628671862574926,0.515344839719215,0.5354482362955377,0.5544588352243105,0.4944960088296399,0,2.2588413395405054,-0.5619093073613795
447,0,0.17255541682243347,0.14085574448108673,0.13917967677116394,0.14347858726978302,0.14411942660808563,0.06401587212028147,0.17929795894035944,0.04092823644941149,0.07927286066599096,0.35592384157077056,0.2704099365962835,0.27759385470207915,0.4148513588233147,1,-3.2004491695261033,-0.19146986321157808
771,0,0.2406768798828125,0.2743351459503174,0.27901336550712585,0.2571200728416443,0.2703988254070282,0.35390911497392974,0.670751349289081,0.4118398096578994,0.482759682686591,0.5707785472233727,0.6054118652913645,0.5948826085525384,0.543992361869101,0,4.449870334477939,0.7239850817589507
285,0,0.24676458537578583,0.2630205452442169,0.25712740421295166,0.25247472524642944,0.2507026493549347,0.32602393233836335,0.639487299074195,0.30609414969374177,0.2836521460906038,0.5356773451848007,0.5766792780634771,0.5687496710895933,0.5238304771696873,0,3.404663631319118,-0.1953740064047397
354,1,0.21947452425956726,0.25767016410827637,0.24906888604164124,0.25271478295326233,0.239772230386734,0.2525193153217726,0.4717442568119838,0.1725669583582808,0.15915467461008154,0.5417630178920962,0.5567487513355734,0.5409916513641999,0.5296854996358877,0,2.22502719791837,-1.2227772375920383
438,0,0.17732244729995728,0.14085574448108673,0.1345784068107605,0.1392768919467926,0.1412048637866974,0.06969042075045763,0.24205658549952752,0.08008364416353032,0.18662292902943883,0.3824129036198316,0.3898398500130456,0.2875843184039479,0.40064424145158295,1,-2.6600804391708603,0.2818340440593049
578,0,0.2406768798828125,0.26802629232406616,0.27983176708221436,0.2634499967098236,0.26421818137168884,0.29229446120741637,0.5950645545418021,0.32351460819226296,0.38195126069325336,0.5622782955623231,0.5907869394206505,0.5796031812601803,0.5374891169222439,0,3.814409793996445,-0.10566773668572654
328,0,0.22196270525455475,0.21442043781280518,0.22727181017398834,0.24871884286403656,0.21158753335475922,0.260544937040695,0.5727361318230965,0.23719682186424582,0.20313572265644522,0.5274755771110211,0.5284998288115402,0.48011613500452405,0.4856744406086335,0,1.7491272269462705,-0.29785719920515774
492,0,0.16782522201538086,0.14474348723888397,0.13657698035240173,0.14101730287075043,0.1403338760137558,0.054640950041005186,0.16764276931373306,0.045751319356894665,0.08088860916929631,0.3400689557494093,0.26432205703536465,0.32217917837712107,0.4099536286924553,1,-3.279679856270943,-0.15923149270795905
255,1,0.21774877607822418,0.19645844399929047,0.24867938458919525,0.2429811656475067,0.22319644689559937,0.3177417058677251,0.6199884595477465,0.2774770844521494,0.2826895234648794,0.5460818961549181,0.5539695527437594,0.5369868654861668,0.5275063414548221,0,2.4373136377068034,0.14011811077900876
487,0,0.17255541682243347,0.14085574448108673,0.13303595781326294,0.1392768919467926,0.14411942660808563,0.12423350519332765,0.2754935298717648,0.11064606825001494,0.20071308419558043,0.38102334436623275,0.34485070610273644,0.3654855729453369,0.39174346681370653,1,-2.452746723404501,0.6301227407801866
721,0,0.16598816215991974,0.14085574448108673,0.1292508989572525,0.14347858726978302,0.1412048637866974,0.0480515201923569,0.13054188862126964,0.029156703259563037,0.04347990964137637,0.29767505893318724,0.17874464281781335,0.15888057346149795,0.34242765045296986,1,-4.233942686400046,0.01986788432457443
819,0,0.16279149055480957,0.14085574448108673,0.13278086483478546,0.1392768919467926,0.1412048637866974,0.06671227846920465,0.20025618439324425,0.060746836354319024,0.07583404972300548,0.27651008338427546,0.23019817310346874,0.2507529164581419,0.37053085155214927,1,-3.750384841029187,0.23289760914683993
696,0,0.21774877607822418,0.21425750851631165,0.25451764464378357,0.23698480427265167,0.22319644689559937,0.3170393839897737,0.5856816045941566,0.27753422081628987,0.2972731488042333,0.5493520003908555,0.5637056216657885,0.5385859327212701,0.533124187232498,0,2.5438307007489303,0.08733108359086114
451,0,0.2138689160346985,0.26379212737083435,0.25479069352149963,0.24655646085739136,0.2434324473142624,0.2912420408311349,0.5789772158858164,0.3338461496959913,0.36484328326639365,0.5507870682526853,0.5724638851298057,0.5983874725650135,0.5484067022899979,0,3.2211658746072525,0.1681908727879545
347,0,0.17732244729995728,0.14085574448108673,0.14170096814632416,0.14347858726978302,0.14411942660808563,0.07260032221353138,0.2613882239288228,0.07508714847019987,0.11947219515059716,0.3911749824886341,0.28303561197411137,0.328745016884743,0.4256633298219547,1,-2.6732709647900585,0.01115852802049294
661,0,0.2406768798828125,0.2743351459503174,0.2832532227039337,0.2571200728416443,0.2703988254070282,0.042312219172627855,0.18481490114601154,0.007811534877150529,0.008407693619511054,0.5533377243990539,0.585174833892589,0.5640006154418755,0.5179389161534379,0,1.6403870570546042,-3.498981999045212
533,1,0.17732244729995728,0.14474348723888397,0.13657698035240173,0.1392768919467926,0.14411942660808563,0.06999628995266646,0.21153105535235162,0.07137078254596674,0.10260375138049341,0.3767375358713845,0.36640408724631784,0.38010269772443767,0.4032916485650615,1,-2.682436067496656,-0.1583802596103484
149,0,0.17255541682243347,0.14085574448108673,0.13303595781326294,0.1392768919467926,0.14411942660808563,0.07207360481728149,0.2562788825076722,0.0813746118954226,0.09951456544036218,0.3666661014862769,0.3245646542166407,0.3664722987738752,0.38645084247977735,1,-2.8615849138935205,0.048306646285641276
366,0,0.21947452425956726,0.26842761039733887,0.24106436967849731,0.25271478295326233,0.239772230386734,0.2518561755295943,0.5038294512881795,0.19063903998305215,0.17225452346685907,0.5502570311622405,0.5833314967234088,0.55705955054276,0.53564162318324,0,2.4456827905326293,-1.156202660537511
833,0,0.17255541682243347,0.14085574448108673,0.13681092858314514,0.1392768919467926,0.14411942660808563,0.07092441689824559,0.24942337132519005,0.07476361108468955,0.10467406365823421,0.3658440391082322,0.33308857859099994,0.37876422050508685,0.38384905634957095,1,-2.8338980276629187,0.014120454524615538
459,0,0.16279149055480957,0.14085574448108673,0.13278086483478546,0.1392768919467926,0.1403338760137558,0.04504849235651476,0.12818663783693865,0.025466254485012243,0.03475855603338952,0.25349533568439464,0.15261423174414418,0.1316875872916615,0.3291288332051223,1,-4.5430696245529285,0.12259117279987747
433,1,0.22196270525455475,0.21442043781280518,0.23099353909492493,0.2549129128456116,0.20827427506446838,0.25890696455138296,0.569355632680973,0.22194768874775447,0.20929077588853745,0.5382259029251066,0.535462055147859,0.5394723252498539,0.5254266593518458,0,2.030674825298964,-0.48879451935127194
515,0,0.16279149055480957,0.14085574448108673,0.1292508989572525,0.14347858726978302,0.1412048637866974,0.05901094979338555,0.1524623514745496,0.03549272621548611,0.06089307015735052,0.2786226863349138,0.17736289329295496,0.16691455760934282,0.34628877027849814,1,-4.198064902612772,0.18749541261962288
711,0,0.2406768798828125,0.26342618465423584,0.2646868824958801,0.2571200728416443,0.2703988254070282,0.3405202096719513,0.6712505890630085,0.3675048838120227,0.36361469009423336,0.5567063230146511,0.5928361727652783,0.5800174615017634,0.5470834275845479,0,3.982333969733904,0.20851116216902815
782,0,0.24676458537578583,0.26342618465423584,0.25001221895217896,0.2634499967098236,0.2664759159088135,0.34192604962474016,0.6736017946257723,0.38204471361059705,0.3332965988071782,0.5534290685801397,0.610465443499478,0.6021593009517372,0.553308150426262,0,4.045748604765807,0.11538570767852355
241,0,0.17248880863189697,0.14474348723888397,0.13657698035240173,0.1392768919467926,0.1403338760137558,0.054094105689394975,0.18276166282990042,0.05589188911971004,0.05753349213287907,0.35731251035892025,0.33724939410449306,0.3098334527079388,0.40021996398457266,1,-3.1337329321426206,-0.30078424077538823
491,0,0.2037835717201233,0.19645844399929047,0.21363364160060883,0.2364388406276703,0.2161603718996048,0.2915770926765765,0.5079610246964866,0.19753170390341176,0.20636645287364971,0.5449163703545663,0.5167283595769019,0.5043774670415939,0.5211252856054142,0,1.4908029808598215,-0.27697333944264746
182,0,0.16279149055480957,0.14085574448108673,0.1292508989572525,0.1392768919467926,0.1412048637866974,0.05727326493239455,0.19117258954645452,0.0610430689661755,0.09116028804827507,0.27246568271435656,0.19457674275709325,0.2166119571472364,0.3518732046245042,1,-3.965326586888411,0.3747243451878977
133,0,0.2314891368150711,0.26342618465423584,0.22807005047798157,0.25654336810112,0.2623772919178009,0.4850596107526332,0.691276802396152,0.4597982421315073,0.5115658240138456,0.5577390107789624,0.5754957058249769,0.587061260060981,0.5371754058213427,0,4.309085847649598,1.6748878542550427
582,0,0.2406768798828125,0.26342618465423584,0.24278023838996887,0.25678831338882446,0.2703988254070282,0.8091167266169563,0.8992501057369936,0.889082700853054,0.857119237178422,0.522503725378912,0.5654976739431068,0.6281239593975807,0.5048750164854834,0,6.478212745082264,5.35500993648677
181,0,0.16279149055480957,0.14085574448108673,0.1292508989572525,0.14101730287075043,0.1403338760137558,0.010625891244849514,0.03448588159968965,0.0025666396202298357,0.004995522796355546,0.2621289205693628,0.15493518320139485,0.12756105994299824,0.34819502567100735,1,-4.739589625538406,-0.273620297319846
488,0,0.16279149055480957,0.14085574448108673,0.1292508989572525,0.1392768919467926,0.1412048637866974,0.029250776205857042,0.07328170029437991,0.00953131063157082,0.022981187019214627,0.2795315034094258,0.15244811016571785,0.21875023229698987,0.3411040351776019,1,-4.449306634143352,-0.17393077715696062
