trial,source,objective,rule_index,threshold_group,threshold_other,ROC AUC,AP,Accuracy,Balanced Acc,Precision,Recall,Specificity,F1,F2,MCC,threshold
20,bayes_ei,0.8481022300487193,37,0.25831258959226566,0.32172835744430184,0.7077464788732395,0.34059170220441143,0.5370919881305638,0.68698511825671,0.24120603015075376,0.9056603773584906,0.46830985915492956,0.38095238095238093,0.583941605839416,0.27686500301311884,0.44
27,bayes_ei,0.8437229149563744,5,0.4207921527033261,0.32444623592408184,0.7091416423066701,0.3230759681723387,0.5637982195845698,0.6798099920276375,0.24456521739130435,0.8490566037735849,0.5105633802816901,0.37974683544303794,0.5681818181818181,0.26295794394109473,0.36
11,initial,0.8387405255849136,5,0.2002020180355913,0.1532880801505465,0.7034945522189743,0.32507192511111543,0.5667655786350149,0.6815705554079192,0.2459016393442623,0.8490566037735849,0.5140845070422535,0.3813559322033898,0.569620253164557,0.26539126054521206,0.62
46,bayes_ei,0.8354681905722683,26,0.27718244207293774,0.40635570419853734,0.6975817167153866,0.33719460172578286,0.5341246290801187,0.6775511559925591,0.23737373737373738,0.8867924528301887,0.46830985915492956,0.3745019920318725,0.573170731707317,0.26260960681987017,0.35
13,bayes_ei,0.8339782811930863,25,0.14570527523597804,0.37112105318978034,0.7032952431570556,0.30758669475271144,0.5370919881305638,0.6716383204889715,0.2358974358974359,0.8679245283018868,0.4753521126760563,0.3709677419354839,0.5651105651105651,0.2530928514886366,0.41
54,bayes_ei,0.8311553899882385,31,0.24265992504363718,0.4888060113195735,0.7049561520063778,0.28628538522657704,0.56973293768546,0.6756577199043317,0.24444444444444444,0.8301886792452831,0.5211267605633803,0.37768240343347637,0.5612244897959183,0.2563942391390683,0.38
31,bayes_ei,0.8311170629661645,32,0.3990492205394656,0.47463084920418286,0.6956550624501726,0.3261520608613782,0.5667655786350149,0.6815705554079192,0.2459016393442623,0.8490566037735849,0.5140845070422535,0.3813559322033898,0.569620253164557,0.26539126054521206,0.31
1,initial,0.8302061033311634,33,0.452783506480524,0.40239819364858564,0.6974488440074408,0.31129541242376646,0.56973293768546,0.683331118788201,0.24725274725274726,0.8490566037735849,0.5176056338028169,0.3829787234042553,0.5710659898477157,0.26783155708395595,0.36
47,bayes_ei,0.8289588040105752,21,0.13647509677821845,0.15424306485494726,0.6946585171405794,0.320343492631398,0.5667655786350149,0.6815705554079192,0.2459016393442623,0.8490566037735849,0.5140845070422535,0.3813559322033898,0.569620253164557,0.26539126054521206,0.69
39,bayes_ei,0.8273109615193661,28,0.15941782555894848,0.1468329257074439,0.6939941536008503,0.31275473004260396,0.5727002967359051,0.6850916821684826,0.24861878453038674,0.8490566037735849,0.5211267605633803,0.38461538461538464,0.5725190839694657,0.2702790702609713,0.7
17,bayes_ei,0.8263505123340966,31,0.18074038962497102,0.19698425102642847,0.6939277172468776,0.30962309124124837,0.56973293768546,0.683331118788201,0.24725274725274726,0.8490566037735849,0.5176056338028169,0.3829787234042553,0.5710659898477157,0.26783155708395595,0.62
2,initial,0.8262603357282798,6,0.31311274414727,0.167532651507648,0.6919346266276907,0.32573265353941094,0.5192878338278932,0.6687483390911507,0.2315270935960591,0.8867924528301887,0.4507042253521127,0.3671875,0.5662650602409639,0.25105344737221036,0.47
10,initial,0.825602221615614,7,0.47311152692253,0.38461631907618776,0.690473026840287,0.3271378159928149,0.5608308605341247,0.6780494286473558,0.24324324324324326,0.8490566037735849,0.5070422535211268,0.3781512605042017,0.5667506297229219,0.2605313720894361,0.31
30,bayes_ei,0.8253639125643121,39,0.15500519444297456,0.3632714661178979,0.6923332447515281,0.3126624548690731,0.56973293768546,0.683331118788201,0.24725274725274726,0.8490566037735849,0.5176056338028169,0.3829787234042553,0.5710659898477157,0.26783155708395595,0.41
53,bayes_ei,0.825097324069059,18,0.4907597433662323,0.29137541088532487,0.6923332447515281,0.3126624548690731,0.5667655786350149,0.6815705554079192,0.2459016393442623,0.8490566037735849,0.5140845070422535,0.3813559322033898,0.569620253164557,0.26539126054521206,0.29
15,bayes_ei,0.8245277252705422,23,0.3105865909118324,0.28298599632958177,0.691203826733989,0.31144618715976274,0.5756676557863502,0.6868522455487642,0.25,0.8490566037735849,0.5246478873239436,0.38626609442060084,0.5739795918367347,0.2727340384185437,0.51
41,bayes_ei,0.8242352687278223,3,0.4306480636052307,0.46544129847138854,0.6909380813180972,0.311312631525622,0.5756676557863502,0.6868522455487642,0.25,0.8490566037735849,0.5246478873239436,0.38626609442060084,0.5739795918367347,0.2727340384185437,0.35
51,bayes_ei,0.8227860570677425,26,0.3452675980258748,0.393916123516762,0.6879484453893171,0.3216971741972806,0.56973293768546,0.683331118788201,0.24725274725274726,0.8490566037735849,0.5176056338028169,0.3829787234042553,0.5710659898477157,0.26783155708395595,0.38
32,bayes_ei,0.822591224965593,19,0.22360617030513744,0.25676462886893114,0.6903401541323413,0.3114249590900759,0.5637982195845698,0.6798099920276375,0.24456521739130435,0.8490566037735849,0.5105633802816901,0.37974683544303794,0.5681818181818181,0.26295794394109473,0.57
42,bayes_ei,0.8225663628840644,9,0.49756900093464396,0.4904422064017912,0.690406590486314,0.3096409202701705,0.5667655786350149,0.6815705554079192,0.2459016393442623,0.8490566037735849,0.5140845070422535,0.3813559322033898,0.569620253164557,0.26539126054521206,0.29
25,bayes_ei,0.8217834889865934,10,0.31993416138317987,0.34749817517685466,0.6902737177783683,0.30904069815730517,0.5608308605341247,0.6780494286473558,0.24324324324324326,0.8490566037735849,0.5070422535211268,0.3781512605042017,0.5667506297229219,0.2605313720894361,0.44
22,bayes_ei,0.8204614691394727,36,0.4571387019325821,0.4946844588546326,0.6888785543449376,0.30542368977782874,0.56973293768546,0.683331118788201,0.24725274725274726,0.8490566037735849,0.5176056338028169,0.3829787234042553,0.5710659898477157,0.26783155708395595,0.29
14,bayes_ei,0.8202080607230596,1,0.4696973525896657,0.31471934252883127,0.691203826733989,0.3043396991347179,0.543026706231454,0.6674860483656657,0.2356020942408377,0.8490566037735849,0.4859154929577465,0.3688524590163934,0.5583126550868488,0.24610057306884298,0.31
16,bayes_ei,0.8200872951673122,30,0.18860916381348447,0.30735296121769706,0.6893436088227478,0.3012275475279754,0.56973293768546,0.683331118788201,0.24725274725274726,0.8490566037735849,0.5176056338028169,0.3829787234042553,0.5710659898477157,0.26783155708395595,0.63
23,bayes_ei,0.8197131371640891,8,0.19757843883840417,0.18036090822716053,0.6881477544512357,0.3079965184880846,0.5637982195845698,0.6798099920276375,0.24456521739130435,0.8490566037735849,0.5105633802816901,0.37974683544303794,0.5681818181818181,0.26295794394109473,0.62
3,initial,0.819391174770481,7,0.3553172323307473,0.21856432585072033,0.6880813180972628,0.3181246531439222,0.5014836795252225,0.6581849588094606,0.22488038277511962,0.8867924528301887,0.4295774647887324,0.3587786259541985,0.5581947743467933,0.23730897219508815,0.42
21,bayes_ei,0.8191792008200166,18,0.34776244323108957,0.418800694930374,0.6897422269465852,0.3103727159561553,0.5519287833827893,0.6650943396226415,0.23655913978494625,0.8301886792452831,0.5,0.3682008368200837,0.5527638190954774,0.24172097545305168,0.4
55,bayes_ei,0.8182713094170383,21,0.4396502308455901,0.3745616691888005,0.6893436088227478,0.2987592335472951,0.5548961424332344,0.6745283018867925,0.24064171122994651,0.8490566037735849,0.5,0.37499999999999994,0.5639097744360902,0.2556975288244511,0.37
60,bayes_ei,0.8179754607785035,35,0.2545110744303637,0.32086349599869257,0.6853574275843742,0.3170444279936195,0.5727002967359051,0.6774182832846134,0.24581005586592178,0.8301886792452831,0.5246478873239436,0.3793103448275862,0.5626598465473146,0.2588632588134766,0.55
50,bayes_ei,0.8179222980008507,16,0.27238869003202715,0.3574488378270404,0.6953228806803082,0.28929168151168405,0.4065281899109792,0.6248671272920542,0.20242914979757085,0.9433962264150944,0.30633802816901406,0.33333333333333337,0.5446623093681917,0.20549700162773074,0.4
43,bayes_ei,0.8175415336357513,13,0.3263852928830292,0.37572458371621836,0.6857560457082116,0.31041928175387845,0.5608308605341247,0.6780494286473558,0.24324324324324326,0.8490566037735849,0.5070422535211268,0.3781512605042017,0.5667506297229219,0.2605313720894361,0.44
4,initial,0.8164915453047356,15,0.32055433711413334,0.3065547407530889,0.6849588094605368,0.306505737502413,0.5667655786350149,0.6815705554079192,0.2459016393442623,0.8490566037735849,0.5140845070422535,0.3813559322033898,0.569620253164557,0.26539126054521206,0.46
26,bayes_ei,0.8161479525709134,9,0.32876805232551043,0.2892542343827283,0.6872176454956153,0.300079086974092,0.5519287833827893,0.6727677385065107,0.2393617021276596,0.8490566037735849,0.4964788732394366,0.3734439834024897,0.5625,0.25328979360959564,0.45
56,bayes_ei,0.8134288703108651,23,0.22537935668948,0.4649078674750449,0.6841615732128621,0.3106115408196517,0.5845697329376854,0.6691137390380016,0.24561403508771928,0.7924528301886793,0.545774647887324,0.37499999999999994,0.5483028720626631,0.24629403455612686,0.61
28,bayes_ei,0.8131129244127935,11,0.4618548726132575,0.2790097804447121,0.6822349189476482,0.3096792226430002,0.56973293768546,0.6756577199043317,0.24444444444444444,0.8301886792452831,0.5211267605633803,0.37768240343347637,0.5612244897959183,0.2563942391390683,0.51
24,bayes_ei,0.8126686068240594,21,0.22217997272284357,0.4462319946486779,0.6845601913366995,0.29986060662616404,0.543026706231454,0.6674860483656657,0.2356020942408377,0.8490566037735849,0.4859154929577465,0.3688524590163934,0.5583126550868488,0.24610057306884298,0.33
9,initial,0.8123570813724194,17,0.32499541310129576,0.21788409728788066,0.6815705554079192,0.31319440094874057,0.5608308605341247,0.6703760297634866,0.24043715846994534,0.8301886792452831,0.5105633802816901,0.37288135593220334,0.5569620253164558,0.24902886486212816,0.56
8,initial,0.8057310217964728,22,0.16529569172418188,0.40494110651803455,0.6769200106298168,0.32100520469021254,0.5014836795252225,0.642838161041722,0.21951219512195122,0.8490566037735849,0.43661971830985913,0.3488372093023256,0.5395683453237411,0.2130627139247894,0.37
6,initial,0.8022796846626032,33,0.3693748112391908,0.4495102044007405,0.6715386659580123,0.30519693563913464,0.5608308605341247,0.6780494286473558,0.24324324324324326,0.8490566037735849,0.5070422535211268,0.3781512605042017,0.5667506297229219,0.2605313720894361,0.33
33,bayes_ei,0.8011522081825189,26,0.4975466471414243,0.40923772301014855,0.6812383736380547,0.2744778799515555,0.5608308605341247,0.655029231995748,0.2346368715083799,0.7924528301886793,0.5176056338028169,0.3620689655172414,0.537084398976982,0.22619637312909482,0.34
59,bayes_ei,0.7999931231908374,9,0.49251345770304844,0.3759862806889837,0.6761892107361147,0.2847712584311638,0.5637982195845698,0.6644631942598991,0.2388888888888889,0.8113207547169812,0.5176056338028169,0.36909871244635195,0.548469387755102,0.24005443985959288,0.39
5,initial,0.7970600695262229,29,0.16757969417546947,0.25255697019859985,0.6740632474089823,0.2820508183694483,0.5608308605341247,0.6627026308796173,0.23756906077348067,0.8113207547169812,0.5140845070422535,0.36752136752136755,0.5470737913486006,0.2375855861698201,0.65
58,bayes_ei,0.7963928486254543,8,0.269769858320494,0.15536384207261833,0.6697448844007442,0.30422124447523285,0.5519287833827893,0.6574209407387723,0.23369565217391305,0.8113207547169812,0.5035211267605634,0.3628691983122363,0.5429292929292929,0.23021572073468463,0.63
19,bayes_ei,0.7867755457130389,14,0.32330563086609676,0.12143024013017699,0.6653600850385331,0.29266960523592306,0.4421364985163205,0.6229736912038267,0.2052401746724891,0.8867924528301887,0.3591549295774648,0.33333333333333337,0.5328798185941043,0.19187115535821533,0.46
48,bayes_ei,0.7838901577278233,3,0.17994957965945724,0.3052624900462716,0.662835503587563,0.28933630197809657,0.4065281899109792,0.617193728408185,0.2,0.9245283018867925,0.30985915492957744,0.3288590604026846,0.5361050328227571,0.19153780924730734,0.51
12,initial,0.7804608055674451,4,0.2693520206559816,0.46390780431230005,0.6577863406856232,0.2912756954316134,0.4421364985163205,0.630647090087696,0.2077922077922078,0.9056603773584906,0.35563380281690143,0.3380281690140845,0.5417607223476298,0.20486507121472683,0.35
45,bayes_ei,0.776975981517393,37,0.13110826244089122,0.4290983391892931,0.6514748870581982,0.28534520647966666,0.4540059347181009,0.6530361413765613,0.21645021645021645,0.9433962264150944,0.3626760563380282,0.35211267605633806,0.5643340857787811,0.239972891707665,0.34
38,bayes_ei,0.7691895646220711,27,0.21054644408999884,0.1269749801977792,0.6558596864204093,0.2663028646723268,0.32344213649851633,0.5832447515280361,0.18411552346570398,0.9622641509433962,0.20422535211267606,0.3090909090909091,0.5214723926380368,0.15844132006785538,0.62
40,bayes_ei,0.7653872968260408,17,0.45159571732695325,0.17707974385916175,0.6440340154132341,0.2976610123072499,0.5964391691394659,0.6454623970236513,0.2389937106918239,0.7169811320754716,0.573943661971831,0.3584905660377358,0.5121293800539083,0.2121628189193164,0.64
36,bayes_ei,0.7618771953032204,21,0.2684530910762376,0.15601184723944495,0.6496146691469572,0.264309868562828,0.314540059347181,0.5779630613871911,0.18214285714285713,0.9622641509433962,0.1936619718309859,0.3063063063063063,0.5182926829268292,0.1514256830202941,0.56
37,bayes_ei,0.7589303513465503,34,0.4651064250861138,0.24779157288834988,0.6411108158384268,0.2596879401244976,0.42136498516320475,0.6336699441934627,0.2066115702479339,0.9433962264150944,0.323943661971831,0.3389830508474576,0.5506607929515419,0.21631736376139515,0.35
57,bayes_ei,0.7426880392457458,5,0.14488218891662943,0.2474456811016533,0.6315439808663299,0.266596531602561,0.29376854599406527,0.5656391177252192,0.17770034843205576,0.9622641509433962,0.16901408450704225,0.3,0.5110220440881764,0.1344509530017204,0.58
49,bayes_ei,0.7332203828311282,26,0.39133625294137053,0.239429386370331,0.6265612543183631,0.2453097755154408,0.29080118694362017,0.5638785543449376,0.17708333333333334,0.9622641509433962,0.16549295774647887,0.2991202346041056,0.51,0.13194346819353805,0.42
29,bayes_ei,0.7205107592761131,12,0.4662940667154039,0.24851345637396802,0.6122774382141909,0.26476793732500387,0.21364985163204747,0.5334507042253521,0.16666666666666666,1.0,0.06690140845070422,0.2857142857142857,0.5,0.10559467193842709,0.21
34,bayes_ei,0.6704970184347533,27,0.4723325385818434,0.23806897078374534,0.5678979537602976,0.22729734131324938,0.28486646884273,0.5603574275843741,0.17586206896551723,0.9622641509433962,0.15845070422535212,0.29737609329446063,0.5079681274900398,0.12685567325603744,0.34
44,bayes_ei,0.6645298591784919,28,0.46800030824159417,0.13251214695085028,0.5603242094073877,0.20627353248449914,0.3620178041543027,0.6061320754716981,0.19318181818181818,0.9622641509433962,0.25,0.32176656151419564,0.5357142857142857,0.1875902940555165,0.34
35,bayes_ei,0.6581050814995736,18,0.19234127334569198,0.3701374205627161,0.5566702099388785,0.23833980577988256,0.19584569732937684,0.522887323943662,0.16358024691358025,1.0,0.045774647887323945,0.28116710875331563,0.49440298507462693,0.08653223794511873,0.44
18,bayes_ei,0.6080736298191718,18,0.24435474537095783,0.4727500081844969,0.5161440340154132,0.2119678424032781,0.16023738872403562,0.5017605633802817,0.15773809523809523,1.0,0.0035211267605633804,0.27249357326478146,0.4835766423357664,0.02356726179052527,0.34
7,initial,0.5997712233481534,1,0.1465517641502289,0.41708120108384705,0.5037868721764549,0.2152099392925982,0.18694362017804153,0.5176056338028169,0.1620795107033639,1.0,0.035211267605633804,0.2789473684210526,0.4916512059369202,0.07554485438973547,0.39
52,bayes_ei,0.47307855707106344,19,0.1501124954100148,0.43147093933753145,0.39642572415625826,0.13558402795851127,0.16023738872403562,0.5017605633802817,0.15773809523809523,1.0,0.0035211267605633804,0.27249357326478146,0.4835766423357664,0.02356726179052527,0.38
